"tweet_id","in_reply_to_status_id","in_reply_to_user_id","retweeted_status_id","retweeted_status_user_id","timestamp","source","text","expanded_urls"
"263778680256466944","263778107650097152","19897497","","","2012-10-31 23:05:12 +0000","<a href=""http://tapbots.com/tweetbot"" rel=""nofollow"">Tweetbot for iOS</a>","@DrGarcia @jimgroom @ator @mburtis @rushaw A little young to pillage but here she is http://t.co/9KBBdsP6","http://twitpic.com/b96ss6"
"263770172144381952","263740903393484801","183016733","","","2012-10-31 22:31:24 +0000","<a href=""http://tapbots.com/software/tweetbot/mac"" rel=""nofollow"">Tweetbot for Mac</a>","@doodle_muse Other than a meeting at 4 I can be there in the afternoon for a bit to try and help."
"263722708062314497","","","263722091663200256","11900","2012-10-31 19:22:47 +0000","<a href=""http://tapbots.com/software/tweetbot/mac"" rel=""nofollow"">Tweetbot for Mac</a>","RT @bre: New benefit at MakerBot: Free handheld ham radio for employees that get their ham radio technician license. #preparefornextdisaster"
"263717709018173440","263717475961692160","17330458","","","2012-10-31 19:02:56 +0000","<a href=""http://tapbots.com/software/tweetbot/mac"" rel=""nofollow"">Tweetbot for Mac</a>","@dlnorman It certainly gives Siri a goal to obtain. It?s great at just about everything she?s not good at."
"263482545272922112","263482399332130816","17330458","","","2012-10-31 03:28:28 +0000","<a href=""http://tapbots.com/software/tweetbot/mac"" rel=""nofollow"">Tweetbot for Mac</a>","@dlnorman I don?t have a good handle on being able to say ?this definitely is a load issue? outside of raw mysql hits."
"263481937803476992","263481305315037184","17330458","","","2012-10-31 03:26:03 +0000","<a href=""http://tapbots.com/software/tweetbot/mac"" rel=""nofollow"">Tweetbot for Mac</a>","@dlnorman I?d imagine there?s a good likelihood that the server can?t handle the load. But maybe that?s a good reason for some to leave."
"263481808308547585","263481305315037184","17330458","","","2012-10-31 03:25:33 +0000","<a href=""http://tapbots.com/software/tweetbot/mac"" rel=""nofollow"">Tweetbot for Mac</a>","@dlnorman Well we already use all our memory now. I?ve been slowly mothballing but I don?t think inactive sites are a load issue."
"263474865871400960","","","","","2012-10-31 02:57:57 +0000","<a href=""http://tapbots.com/software/tweetbot/mac"" rel=""nofollow"">Tweetbot for Mac</a>","The Kitchen Sink http://t.co/Dalhu9nQ Short updates on a few things on my blog.","http://www.timmmmyboy.com/2012/10/the-kitchen-sink/"
"263435448142135296","263433390886383616","9281052","","","2012-10-31 00:21:19 +0000","<a href=""http://tapbots.com/tweetbot"" rel=""nofollow"">Tweetbot for iOS</a>","@_BMF_ I expect you to Photoshop sharks in at least a few of those photos."
"263357018205732864","263356891529371648","10851682","","","2012-10-30 19:09:40 +0000","<a href=""http://tapbots.com/tweetbot"" rel=""nofollow"">Tweetbot for iOS</a>","@voxomalley No, but I swear I'm usually better! I blame a bad set of letters."
"263356660452577281","","10851682","","","2012-10-30 19:08:15 +0000","<a href=""http://tapbots.com/tweetbot"" rel=""nofollow"">Tweetbot for iOS</a>","@voxomalley You are brutal at this game!"
"263287716739956737","","","263287638168055808","9361392","2012-10-30 14:34:17 +0000","<a href=""http://tapbots.com/tweetbot"" rel=""nofollow"">Tweetbot for iOS</a>","RT @robweychert: We don?t need reminders that assholes are assholes. Don?t retweet them; ignore them."
"263256909732274177","263143931791949824","183016733","","","2012-10-30 12:31:53 +0000","<a href=""http://tapbots.com/tweetbot"" rel=""nofollow"">Tweetbot for iOS</a>","@doodle_muse @jimgroom Absolutely! Open hours are on http://t.co/iWk18UEo but I can meet you there anytime.","http://umwthinklab.com"
"263129048035762176","","","263124102330580993","119625403","2012-10-30 04:03:48 +0000","<a href=""http://tapbots.com/tweetbot"" rel=""nofollow"">Tweetbot for iOS</a>","RT @kathrynschulz: This insta-snopes thing that @alexismadrigal is doing is a great public service. We need it for info as well as pics. ..."
"263121373331865600","263120707960045568","946521","","","2012-10-30 03:33:18 +0000","<a href=""http://tapbots.com/software/tweetbot/mac"" rel=""nofollow"">Tweetbot for Mac</a>","@seansharp It?s a blessing and a curse how easy it is to share information on these networks."
"263119514777042944","","","","","2012-10-30 03:25:55 +0000","<a href=""http://tapbots.com/software/tweetbot/mac"" rel=""nofollow"">Tweetbot for Mac</a>","Social media is incredibly frustrating at how quickly false information is distributed as fact."
"263115242006016000","","","263105324167335936","289403","2012-10-30 03:08:56 +0000","<a href=""http://tapbots.com/software/tweetbot/mac"" rel=""nofollow"">Tweetbot for Mac</a>","RT @obra: 10% of my twitter stream is bashing news media for being slower than twitter. 10% is complaining about all the misinformation  ..."
"263095409050796032","","","263078565355081728","17590516","2012-10-30 01:50:08 +0000","<a href=""http://tapbots.com/tweetbot"" rel=""nofollow"">Tweetbot for iOS</a>","RT @danwootton: Very scary sight. New York's gone black. https://t.co/fF4G7hOP  #sandy","https://twitter.com/alananewhouse/status/263074182336765953/photo/1"
"263052966028775425","263047911485632512","209777503","","","2012-10-29 23:01:29 +0000","<a href=""http://tapbots.com/software/tweetbot/mac"" rel=""nofollow"">Tweetbot for Mac</a>","@ahsob Yeah, wind has picked up quite a bit in addition to rain."
"263041736937459713","","","263041188955828224","84149116","2012-10-29 22:16:51 +0000","<a href=""http://tapbots.com/software/tweetbot/mac"" rel=""nofollow"">Tweetbot for Mac</a>","RT @UMWnews: UPDATED ADVISORY: #UMW will be closed &amp; classes canceled ALL DAY on Tuesday, 10/30"
"263037207047176192","","","","","2012-10-29 21:58:51 +0000","<a href=""http://tapbots.com/software/tweetbot/mac"" rel=""nofollow"">Tweetbot for Mac</a>","Power just flickered. :("
"262994078470377472","262993600659468288","209777503","","","2012-10-29 19:07:29 +0000","<a href=""http://tapbots.com/software/tweetbot/mac"" rel=""nofollow"">Tweetbot for Mac</a>","@ahsob Might be better for us that we?re on the southwestern side of it. Landfall supposedly around 5pm so we?ll see. Hope power stays on."
"262992447125196800","262992243399475200","8372582","","","2012-10-29 19:01:00 +0000","<a href=""http://tapbots.com/software/tweetbot/mac"" rel=""nofollow"">Tweetbot for Mac</a>","@jaymiek Totally! Haha, now the theme song is running through my head."
"262991612643258370","","","","","2012-10-29 18:57:41 +0000","<a href=""http://tapbots.com/software/tweetbot/mac"" rel=""nofollow"">Tweetbot for Mac</a>","?These annotations all over the YouTube video really add to the viewing experience. I?m glad they?re there.? - No one, ever."
"262990857907630080","262990385507344386","209777503","","","2012-10-29 18:54:41 +0000","<a href=""http://tapbots.com/software/tweetbot/mac"" rel=""nofollow"">Tweetbot for Mac</a>","@ahsob Wow, that sounds scary. Can?t see very much."
"262989021184139264","262988874165407744","209777503","","","2012-10-29 18:47:23 +0000","<a href=""http://tapbots.com/software/tweetbot/mac"" rel=""nofollow"">Tweetbot for Mac</a>","@ahsob Some regular gusts but nothing terrible yet. Steady rain all day."
"262954625127288834","","","262954237640724480","15864599","2012-10-29 16:30:42 +0000","<a href=""http://tapbots.com/software/tweetbot/mac"" rel=""nofollow"">Tweetbot for Mac</a>","RT @boone: Introducing Participad, realtime collaboration for WordPress http://t.co/msLC22Ij http://t.co/P33DrY7k","http://blo.so/ka","http://participad.org"
"262914297141792768","","","262913837320253442","5964042","2012-10-29 13:50:27 +0000","<a href=""http://tapbots.com/software/tweetbot/mac"" rel=""nofollow"">Tweetbot for Mac</a>","RT @tbuser: AA Battery Adapters by TeamTeamUSA - Thingiverse http://t.co/tCkV87Kx D batteries gone because of #sandy ? 3D printer to the ...","http://j.mp/SsjkCt"
"262884778234224640","","","262759355479384064","911143135","2012-10-29 11:53:09 +0000","<a href=""http://tapbots.com/tweetbot"" rel=""nofollow"">Tweetbot for iOS</a>","RT @MittStormTips: Be a good neighbor. Loan out your maid to help others on the block board up their windows. #MittStormTips #Sandy"
"262716073470738433","262714393333202944","183016733","","","2012-10-29 00:42:47 +0000","<a href=""http://tapbots.com/software/tweetbot/mac"" rel=""nofollow"">Tweetbot for Mac</a>","@doodle_muse Alcohol is a staple of any bonafide storm prep routine."
"262714026537127937","","","262708565750460417","23255247","2012-10-29 00:34:39 +0000","<a href=""http://tapbots.com/software/tweetbot/mac"" rel=""nofollow"">Tweetbot for Mac</a>","RT @P0TUS: #MittStormTips: In case of flooding, raise your car elevator to at least the 5th or 6th floor of your mansion. #Sandy"
"262713771926114304","","","","","2012-10-29 00:33:38 +0000","<a href=""http://tapbots.com/software/tweetbot/mac"" rel=""nofollow"">Tweetbot for Mac</a>","I?m always consistently impressed with how much information Longwood can put on a web page for an event http://t.co/y0Ee7Mm7","http://www.longwood.edu/crisiscomm/stormwatch.html"
"262713291149819904","","","","","2012-10-29 00:31:44 +0000","<a href=""http://tapbots.com/software/tweetbot/mac"" rel=""nofollow"">Tweetbot for Mac</a>","Wine and Goldfish. Bring it Sandy!"
"262627514554388481","","","262626833210679296","533274018","2012-10-28 18:50:53 +0000","<a href=""http://tapbots.com/software/tweetbot/mac"" rel=""nofollow"">Tweetbot for Mac</a>","RT @UMWCTLN: Plan 4 Hurricane Sandy- It is likely Canvas will be down during the storm as it is hosted by Amazon Web Services at a data  ..."
"262388971294846976","262388588623314944","783772","","","2012-10-28 03:03:00 +0000","<a href=""http://tapbots.com/tweetbot"" rel=""nofollow"">Tweetbot for iOS</a>","@craniac And Game Center has been broken for days so I can't start games with anyone since it relies on that functionality."
"262388112297168896","262387878380834817","6016032","","","2012-10-28 02:59:35 +0000","<a href=""http://tapbots.com/tweetbot"" rel=""nofollow"">Tweetbot for iOS</a>","@mgershovich I really enjoy the game, but can't currently play friends because Game Center is so broken."
"262387740727967744","","","","","2012-10-28 02:58:06 +0000","<a href=""http://www.apple.com"" rel=""nofollow"">iOS</a>","Imagine how popular Letterpress would be if it didn?t rely on Game Center and instead linked to your Twitter and Facebook friends directly."
"262230930658304000","262230661165899776","18906863","","","2012-10-27 16:35:00 +0000","<a href=""http://tapbots.com/software/tweetbot/mac"" rel=""nofollow"">Tweetbot for Mac</a>","@LauraBTRT If you ever have questions let me know!"
"262229665157103616","262228648944361472","18906863","","","2012-10-27 16:29:58 +0000","<a href=""http://tapbots.com/software/tweetbot/mac"" rel=""nofollow"">Tweetbot for Mac</a>","@LauraBTRT Smashing Magazine has done some great theme lists. Most recent was 2011 http://t.co/6hz3jmm4","http://wp.smashingmagazine.com/2011/07/05/free-wordpress-themes-2011-edition/"
"262221361076895744","262221199604600832","17054137","","","2012-10-27 15:56:58 +0000","<a href=""http://tapbots.com/software/tweetbot/mac"" rel=""nofollow"">Tweetbot for Mac</a>","@edulicious Never used osfoora but I?m a big Tweetbot fan and I know many are."
"262216965521813506","262216450046058496","17330458","","","2012-10-27 15:39:30 +0000","<a href=""http://tapbots.com/software/tweetbot/mac"" rel=""nofollow"">Tweetbot for Mac</a>","@dlnorman ?Murica!"
"262194738885713920","262194541875036160","183420189","","","2012-10-27 14:11:11 +0000","<a href=""http://tapbots.com/software/tweetbot/mac"" rel=""nofollow"">Tweetbot for Mac</a>","@b4ssm4st3r Yes, guns and ammo. When the storm is over only the strong will survive. We?ll need you to brew our beer."
"262192554186002434","","","","","2012-10-27 14:02:30 +0000","<a href=""http://tapbots.com/software/tweetbot/mac"" rel=""nofollow"">Tweetbot for Mac</a>","Just read this reddit comment on the storm and suddenly feel the need to go buy more supplies and gas up the cars. http://t.co/HMcPWFsq","http://www.reddit.com/r/sysadmin/comments/124cb0/heres_what_you_should_be_doing_to_prep_for/c6s6gye"
"262188353544400896","","","","","2012-10-27 13:45:49 +0000","<a href=""http://tapbots.com/software/tweetbot/mac"" rel=""nofollow"">Tweetbot for Mac</a>","As usual http://t.co/biO3DMKk is a roaring success for breakfast this morning.","http://baconmethod.com/"
"262134873664417792","262122540305117185","10851682","","","2012-10-27 10:13:18 +0000","<a href=""http://tapbots.com/tweetbot"" rel=""nofollow"">Tweetbot for iOS</a>","@voxomalley I'm addicted to this game as well! What's your name on there?"
"261993552723189760","261992868980342784","83852241","","","2012-10-27 00:51:45 +0000","<a href=""http://tapbots.com/tweetbot"" rel=""nofollow"">Tweetbot for iOS</a>","@tieandjeans I'm really enjoying Letterpress, but then I enjoyed Words with Friends and Boggle too."
"261991952776585216","","","","","2012-10-27 00:45:23 +0000","<a href=""http://www.apple.com"" rel=""nofollow"">iOS</a>","Anyone here playing Letterpress? I have no friends in Game Center yet."
"261911209069121537","","","","","2012-10-26 19:24:32 +0000","<a href=""http://tapbots.com/software/tweetbot/mac"" rel=""nofollow"">Tweetbot for Mac</a>","Gave some love to the Writing category of DS106 Assignments today. TV Guide Remix http://t.co/fphrOsrJ (not sure what I did with image)","http://assignments.ds106.us/assignments/tv-guide-remix/"
"261904076218970113","261895365127720960","17330458","","","2012-10-26 18:56:12 +0000","<a href=""http://tapbots.com/software/tweetbot/mac"" rel=""nofollow"">Tweetbot for Mac</a>","@dlnorman @noiseprofessor Wow, just found the video showing the sculpting. Impressive artwork!"
"261894041048858627","261892408122413056","23041881","","","2012-10-26 18:16:19 +0000","<a href=""http://tapbots.com/software/tweetbot/mac"" rel=""nofollow"">Tweetbot for Mac</a>","@noiseprofessor Heck yeah! I?d love a Bad Luck Brian figurine."
"261720703789854721","261674631876993025","23041881","","","2012-10-26 06:47:32 +0000","<a href=""http://tapbots.com/software/tweetbot/mac"" rel=""nofollow"">Tweetbot for Mac</a>","@noiseprofessor Hooo Ly Shit. That?s amazing! Where did you get a model?"
"261664987553091585","261664256653676544","15341210","","","2012-10-26 03:06:09 +0000","<a href=""http://tapbots.com/software/tweetbot/mac"" rel=""nofollow"">Tweetbot for Mac</a>","@pragmanic The full frame form factor always felt right to me. I just didn?t like how big the iPad was so I sold it in anticipation of mini."
"261664860876705794","261664256653676544","15341210","","","2012-10-26 03:05:38 +0000","<a href=""http://tapbots.com/software/tweetbot/mac"" rel=""nofollow"">Tweetbot for Mac</a>","@pragmanic The tall skinny form factor of the N7 (and other 7? tablets) bugs me. I get that it?s good for videos but I don?t watch many."
"261663882240737280","261663433064321024","15341210","","","2012-10-26 03:01:45 +0000","<a href=""http://tapbots.com/software/tweetbot/mac"" rel=""nofollow"">Tweetbot for Mac</a>","@pragmanic @dlnorman I?m just not into Android. Had a Droid for 2 years, hated every day of it."
"261663289753362432","261663223760158720","17330458","","","2012-10-26 02:59:24 +0000","<a href=""http://tapbots.com/software/tweetbot/mac"" rel=""nofollow"">Tweetbot for Mac</a>","@dlnorman Guilty."
"261662195421675521","","","","","2012-10-26 02:55:03 +0000","<a href=""http://tapbots.com/software/tweetbot/mac"" rel=""nofollow"">Tweetbot for Mac</a>","Soooo, iPad preorders. 3am EST?"
"261660138606301185","261658127605325825","148044257","","","2012-10-26 02:46:53 +0000","<a href=""http://tapbots.com/software/tweetbot/mac"" rel=""nofollow"">Tweetbot for Mac</a>","@ShareStreamVid My experience is usually that if a website doesn?t have pricing it?s too expensive for us."
"261643104623415296","","","261642083218116608","1835411","2012-10-26 01:39:11 +0000","<a href=""http://tapbots.com/software/tweetbot/mac"" rel=""nofollow"">Tweetbot for Mac</a>","RT @Ihnatko: Why I love Amtrak: ?Oh, you?re in the Executive Plus program and have 1st-class tickets? **** you. Board with everybody else.?"
"261623249664884736","261623012728639488","10076902","","","2012-10-26 00:20:18 +0000","<a href=""http://tapbots.com/software/tweetbot/mac"" rel=""nofollow"">Tweetbot for Mac</a>","@twoodwar Instead of an ?unconference? we should have an ?anticonference? with all your great session titles."
"261602849484591104","261602619238260736","17672148","","","2012-10-25 22:59:14 +0000","<a href=""http://tapbots.com/software/tweetbot/mac"" rel=""nofollow"">Tweetbot for Mac</a>","@nicholasrivero Not really. The pro version has some better import/export features but nothing a plugin can?t do for basic version."
"261602494898122752","261598999298076672","17672148","","","2012-10-25 22:57:49 +0000","<a href=""http://tapbots.com/software/tweetbot/mac"" rel=""nofollow"">Tweetbot for Mac</a>","@nicholasrivero There was always a free and a paid version, even when Google owned it. You can still get free version now."
"261563751449391104","261562017725440000","209777503","","","2012-10-25 20:23:52 +0000","<a href=""http://tapbots.com/software/tweetbot/mac"" rel=""nofollow"">Tweetbot for Mac</a>","@ahsob I have a few students who used it and liked it. The controls are a bit wonky but it?s a great piece of software and great developer."
"261563582498611200","261557816735715330","17966282","","","2012-10-25 20:23:12 +0000","<a href=""http://tapbots.com/software/tweetbot/mac"" rel=""nofollow"">Tweetbot for Mac</a>","@DistinctLaugh To be fair anyone who would willingly subject themselves to being your roommate has to be a bit crazy. @rushaw @Davezac"
"261519678663434241","","","261309763248340992","15180891","2012-10-25 17:28:44 +0000","<a href=""http://tapbots.com/software/tweetbot/mac"" rel=""nofollow"">Tweetbot for Mac</a>","RT @becausewecan: Nice to see MeshMixer still rocking along. Every release just gets more impressive! http://t.co/rTJWiF4Z","http://www.meshmixer.com/"
"261295358276165633","","111875710","","","2012-10-25 02:37:22 +0000","<a href=""http://tapbots.com/tweetbot"" rel=""nofollow"">Tweetbot for iOS</a>","@aliharper20 My own currency. The Tim http://t.co/5GoHsOVS","http://twitpic.com/b74wjo"
"261275337533558784","","","","","2012-10-25 01:17:49 +0000","<a href=""http://tapbots.com/software/tweetbot/mac"" rel=""nofollow"">Tweetbot for Mac</a>","Turns out Facebook actually is useful for something."
"261242330827354112","","","","","2012-10-24 23:06:39 +0000","<a href=""http://tapbots.com/tweetbot"" rel=""nofollow"">Tweetbot for iOS</a>","So good! RT @noiseprofessor: Hosting 24 hr edtech jam next Fri/Sat....may be asking u to chime in &amp; cheer people on http://t.co/0H3kmPYz","http://bit.ly/RkAIYx"
"261204358820147201","261202763004907520","218704554","","","2012-10-24 20:35:46 +0000","<a href=""http://tapbots.com/software/tweetbot/mac"" rel=""nofollow"">Tweetbot for Mac</a>","@marlenedesu I?m reaching out to your professor to see if we need to do a class demo since you?re the second one this week with question."
"261204225365794817","261202763004907520","218704554","","","2012-10-24 20:35:14 +0000","<a href=""http://tapbots.com/software/tweetbot/mac"" rel=""nofollow"">Tweetbot for Mac</a>","@marlenedesu We have this plugin loaded on UMW Blogs http://t.co/CgaCg1F3 which allows for it. The videos there are a good start.","http://wp-types.com/"
"261152613679112192","261136189556404224","6271482","","","2012-10-24 17:10:09 +0000","<a href=""http://tapbots.com/software/tweetbot/mac"" rel=""nofollow"">Tweetbot for Mac</a>","@grantpotter @giuliaforsythe @saracup We haven?t really explored whether it makes sense or is possible to use our own install with it."
"261152546373136384","261136189556404224","6271482","","","2012-10-24 17:09:53 +0000","<a href=""http://tapbots.com/software/tweetbot/mac"" rel=""nofollow"">Tweetbot for Mac</a>","@grantpotter @giuliaforsythe @saracup We are using hosted Canvas and they have their own Kaltura install for media."
"261152438860521473","261139593397669888","24093368","","","2012-10-24 17:09:28 +0000","<a href=""http://tapbots.com/software/tweetbot/mac"" rel=""nofollow"">Tweetbot for Mac</a>","@cgrymala I?ve seen a few do chocolate and things like that but never anything that had good quality/appetizing finished products."
"261132509402775552","261120685731090432","17620729","","","2012-10-24 15:50:16 +0000","<a href=""http://tapbots.com/software/tweetbot/mac"" rel=""nofollow"">Tweetbot for Mac</a>","@giuliaforsythe @saracup @grantpotter But of course we?re a small school and don?t anticipate large scale use (yet)."
"261132401604956161","261120685731090432","17620729","","","2012-10-24 15:49:50 +0000","<a href=""http://tapbots.com/software/tweetbot/mac"" rel=""nofollow"">Tweetbot for Mac</a>","@giuliaforsythe @saracup @grantpotter Yeah part of the benefit of a box on our campus is not worrying about that until it becomes a problem."
"260915794035220480","260902984110731264","19897497","","","2012-10-24 01:29:07 +0000","<a href=""http://tapbots.com/tweetbot"" rel=""nofollow"">Tweetbot for iOS</a>","@DrGarcia @mburtis It's true. Cake topper to prove it. http://t.co/QVqq0O7m","http://twitpic.com/b6uxtr"
"260891647649386498","260890959968092160","6109062","","","2012-10-23 23:53:10 +0000","<a href=""http://tapbots.com/software/tweetbot/mac"" rel=""nofollow"">Tweetbot for Mac</a>","@saracup @grantpotter @giuliaforsythe That?s a good point. Haven?t completely explored the Wordpress integration but it?s not bad."
"260891045993267200","260889365931241472","6271482","","","2012-10-23 23:50:47 +0000","<a href=""http://tapbots.com/software/tweetbot/mac"" rel=""nofollow"">Tweetbot for Mac</a>","@grantpotter @saracup @giuliaforsythe We?re also wanting a frontend for displaying uploads for a publisher (looks like what Mediaspace is)"
"260889059495378944","260888900648701952","6109062","","","2012-10-23 23:42:53 +0000","<a href=""http://tapbots.com/software/tweetbot/mac"" rel=""nofollow"">Tweetbot for Mac</a>","@saracup @grantpotter @giuliaforsythe I was hoping to also take advantage of iTunes RSS for iTunesU but haven?t got it to work yet."
"260886413816500225","260886168764305408","6109062","","","2012-10-23 23:32:22 +0000","<a href=""http://tapbots.com/software/tweetbot/mac"" rel=""nofollow"">Tweetbot for Mac</a>","@saracup @grantpotter @giuliaforsythe I?d love to know more about it. Still not entirely sure I?m using it to it?s fullest capabilities."
"260884810749329408","260884537440075776","6109062","","","2012-10-23 23:26:00 +0000","<a href=""http://tapbots.com/software/tweetbot/mac"" rel=""nofollow"">Tweetbot for Mac</a>","@saracup @grantpotter @giuliaforsythe Of course the entire Kaltura interface is built in Flash so there are bigger problems than just LDAP."
"260884725005180932","260884537440075776","6109062","","","2012-10-23 23:25:40 +0000","<a href=""http://tapbots.com/software/tweetbot/mac"" rel=""nofollow"">Tweetbot for Mac</a>","@saracup That?s what I want to believe. Frankly surprised no one has done it with Kaltura CE yet. @grantpotter @giuliaforsythe"
"260883509009334272","260882188533366785","6109062","","","2012-10-23 23:20:50 +0000","<a href=""http://tapbots.com/software/tweetbot/mac"" rel=""nofollow"">Tweetbot for Mac</a>","@saracup @grantpotter @giuliaforsythe Right, but MediaSpace is their paid product. Different from what we?re running."
"260874034219212800","260862205837332480","6271482","","","2012-10-23 22:43:11 +0000","<a href=""http://tapbots.com/software/tweetbot/mac"" rel=""nofollow"">Tweetbot for Mac</a>","@grantpotter @giuliaforsythe What it seems to do for us is allow us to not have Vimeo Pro accounts for random departments."
"260873912404021248","260862205837332480","6271482","","","2012-10-23 22:42:42 +0000","<a href=""http://tapbots.com/software/tweetbot/mac"" rel=""nofollow"">Tweetbot for Mac</a>","@grantpotter @giuliaforsythe Not really, there?s no front-facing interface nor a way to integrate LDAP or user signup (that I can see)"
"260861765703827456","260861302409424896","6271482","","","2012-10-23 21:54:26 +0000","<a href=""http://tapbots.com/tweetbot"" rel=""nofollow"">Tweetbot for iOS</a>","@grantpotter @giuliaforsythe The sysadmin...you're talking to him. :-) Not using Mediaspace because no budget. Just Kaltura CE."
"260861100315267072","260860421274230784","17620729","","","2012-10-23 21:51:47 +0000","<a href=""http://tapbots.com/tweetbot"" rel=""nofollow"">Tweetbot for iOS</a>","@giuliaforsythe @grantpotter Install on our server wasn't terribly difficult but I can't say I'm overly impressed with the product."
"260860149525278720","260859292289216512","6271482","","","2012-10-23 21:48:00 +0000","<a href=""http://tapbots.com/tweetbot"" rel=""nofollow"">Tweetbot for iOS</a>","@grantpotter I did convert all archived lectures at http://t.co/IVf67E1a to hosting on Kaltura with branded player.","http://umw.edu/greatlives"
"260860136350969857","260859292289216512","6271482","","","2012-10-23 21:47:57 +0000","<a href=""http://tapbots.com/tweetbot"" rel=""nofollow"">Tweetbot for iOS</a>","@grantpotter Right now mostly using it to host full length copyright content faculty can' have public. Haven't explored much else."
"260805633551515648","","","","","2012-10-23 18:11:23 +0000","<a href=""http://tapbots.com/software/tweetbot/mac"" rel=""nofollow"">Tweetbot for Mac</a>","Is this the place where we get to be contrarian and get our backs patted for it? Ok great. APPLE SUCKS AMIRITE?


Sent from my iPhone"
"260798652086353920","","","","","2012-10-23 17:43:38 +0000","<a href=""http://tapbots.com/software/tweetbot/mac"" rel=""nofollow"">Tweetbot for Mac</a>","So how many computers are left in Apple?s lineup that still have an optical drive? Mac Pro (is that still alive?)"
"260755562541748224","","","","","2012-10-23 14:52:25 +0000","<a href=""http://tapbots.com/software/tweetbot/mac"" rel=""nofollow"">Tweetbot for Mac</a>","Now live on #ds106radio is @pTaittTweet and his group at UMW broadcasting their radio show."
"260754972046671874","","6271482","","","2012-10-23 14:50:04 +0000","<a href=""http://tapbots.com/software/tweetbot/mac"" rel=""nofollow"">Tweetbot for Mac</a>","@grantpotter No worries, thanks for letting us interrupt :)"
"260754723504787457","","6271482","","","2012-10-23 14:49:05 +0000","<a href=""http://tapbots.com/software/tweetbot/mac"" rel=""nofollow"">Tweetbot for Mac</a>","@grantpotter Can we grab the stream?"
"260754667917701120","","6271482","","","2012-10-23 14:48:52 +0000","<a href=""http://tapbots.com/software/tweetbot/mac"" rel=""nofollow"">Tweetbot for Mac</a>","@grantpotter We got students who need to broadcast!"
"260754614385799171","260754535646109699","743873","","","2012-10-23 14:48:39 +0000","<a href=""http://tapbots.com/software/tweetbot/mac"" rel=""nofollow"">Tweetbot for Mac</a>","@Robin2go Oh ok, I think we thought it was you from your response to Jim. Ah it?s grant!"
"260754457934045185","","743873","","","2012-10-23 14:48:02 +0000","<a href=""http://tapbots.com/software/tweetbot/mac"" rel=""nofollow"">Tweetbot for Mac</a>","@Robin2go Are you broadcasting on #ds106radio?"
"260729468845436930","260728622720098304","15064542","","","2012-10-23 13:08:44 +0000","<a href=""http://tapbots.com/software/tweetbot/mac"" rel=""nofollow"">Tweetbot for Mac</a>","@coreydahlevent Although honestly if it doesn?t have a back camera I?m ok with that. As long as front facing is there I?m set."
"260728762889539584","260728622720098304","15064542","","","2012-10-23 13:05:55 +0000","<a href=""http://tapbots.com/software/tweetbot/mac"" rel=""nofollow"">Tweetbot for Mac</a>","@coreydahlevent They put a camera in the iPod Touch so I?m positive they can put it in the mini too. Maybe not retina though."
"260728263415066624","260728123505655808","15064542","","","2012-10-23 13:03:56 +0000","<a href=""http://tapbots.com/software/tweetbot/mac"" rel=""nofollow"">Tweetbot for Mac</a>","@coreydahlevent I actually already sold my iPad 3 to Gazelle in anticipation. I?m convinced I?ll like the smaller one better."
"260727704591155200","260727627504041984","15064542","","","2012-10-23 13:01:43 +0000","<a href=""http://tapbots.com/software/tweetbot/mac"" rel=""nofollow"">Tweetbot for Mac</a>","@coreydahlevent When can I place my order? :)"
"260718322268655616","260718024263360512","14298626","","","2012-10-23 12:24:26 +0000","<a href=""http://tapbots.com/tweetbot"" rel=""nofollow"">Tweetbot for iOS</a>","@zachwhalen @jimgroom @rushaw @mburtis I'm dropping the kid off at daycare, I'll be there in 15 minutes."
"260709497138466816","","","","","2012-10-23 11:49:22 +0000","<a href=""http://tapbots.com/tweetbot"" rel=""nofollow"">Tweetbot for iOS</a>","Watching Ira Glass teach how to make animal balloons and give advice to girls. http://t.co/22nz3koY","http://rookiemag.com/2012/10/ira-glass-balloon-animals/"
"260704225892384768","","","","","2012-10-23 11:28:25 +0000","<a href=""http://tapbots.com/tweetbot"" rel=""nofollow"">Tweetbot for iOS</a>","This is great. RT @UMWKA: Don't make an economic case for the liberal arts (essay) | Inside Higher Ed http://t.co/2Oy0oJwi","http://www.insidehighered.com/views/2012/10/23/dont-make-economic-case-liberal-arts-essay#.UIZ47Fr9WJI.twitter"
"260568559376297984","","","","","2012-10-23 02:29:20 +0000","<a href=""http://tapbots.com/software/tweetbot/mac"" rel=""nofollow"">Tweetbot for Mac</a>","Appleton, Wisconsin is hacking our computers. They have nuclear weapons. We need tighter sanctions."
"260560177021976576","","","260560119803285504","36823","2012-10-23 01:56:01 +0000","<a href=""http://tapbots.com/software/tweetbot/mac"" rel=""nofollow"">Tweetbot for Mac</a>","RT @anildash: Even though Obama's winning, still gonna say this moderation sucks. Men have done a shitty job moderating debates this year."
"260476169919537152","260475551217758208","17330458","","","2012-10-22 20:22:12 +0000","<a href=""http://tapbots.com/software/tweetbot/mac"" rel=""nofollow"">Tweetbot for Mac</a>","@dlnorman I think the HHC integration only happens when it?s signed up directly through the HHC store. Not sure though."
"260474903248117760","260474658812473344","11144032","","","2012-10-22 20:17:10 +0000","<a href=""http://tapbots.com/software/tweetbot/mac"" rel=""nofollow"">Tweetbot for Mac</a>","@techsavvyed Yeah, I was hoping I could honor the year-long subscriptions and then ask to up. Maybe not realistic. @dlnorman"
"260474327277912064","260473964709695489","17330458","","","2012-10-22 20:14:53 +0000","<a href=""http://tapbots.com/software/tweetbot/mac"" rel=""nofollow"">Tweetbot for Mac</a>","@dlnorman It?s probably a good time to ask people to setup a small subscription if they?re willing. I need to add one myself as well."
"260466036137156608","260463563603324928","17330458","","","2012-10-22 19:41:56 +0000","<a href=""http://tapbots.com/software/tweetbot/mac"" rel=""nofollow"">Tweetbot for Mac</a>","@dlnorman @phillipbroberts @grantpotter @HippieHosting I wish I had Amazon?s budget for servers :)"
"260454164633632768","260452441340915712","12363792","","","2012-10-22 18:54:46 +0000","<a href=""http://tapbots.com/software/tweetbot/mac"" rel=""nofollow"">Tweetbot for Mac</a>","@jonbecker The Thingiverse is down too! I guess I?ll just have to scan my own."
"260452138562490370","","","","","2012-10-22 18:46:43 +0000","<a href=""http://tapbots.com/software/tweetbot/mac"" rel=""nofollow"">Tweetbot for Mac</a>","Now how the hell am I supposed to procrastinate today?"
"260407760951324673","","","260407376140718080","7198542","2012-10-22 15:50:23 +0000","<a href=""http://tapbots.com/software/tweetbot/mac"" rel=""nofollow"">Tweetbot for Mac</a>","RT @ddmeyer: Seriously you have to give @davemajor's digital introduction to triangle congruency a try. There's nothing like it. http:// ..."
"260406017660166146","260405656580931584","14744116","","","2012-10-22 15:43:27 +0000","<a href=""http://tapbots.com/software/tweetbot/mac"" rel=""nofollow"">Tweetbot for Mac</a>","@BakhtinJali Recent outside duPont http://t.co/AWonP2ZZ","http://www.flickr.com/photos/timmmmyboy/8096813406/in/photostream"
"260382466567725056","","5690792","","","2012-10-22 14:09:52 +0000","<a href=""http://tapbots.com/software/tweetbot/mac"" rel=""nofollow"">Tweetbot for Mac</a>","@draggin Oh awesome, didn?t realize you were on Android. Definitely want to hear more about how that works."
"260381744107237376","","5690792","","","2012-10-22 14:07:00 +0000","<a href=""http://tapbots.com/software/tweetbot/mac"" rel=""nofollow"">Tweetbot for Mac</a>","@draggin Oh hey Jason! Yep we here you fine. Can I ask for the stream around 10:15am? Got some students planning to broadcast #ds106radio"
"260381513558929409","","","","","2012-10-22 14:06:05 +0000","<a href=""http://tapbots.com/software/tweetbot/mac"" rel=""nofollow"">Tweetbot for Mac</a>","Anyone know who?s on #ds106radio right now? We?ve got some students planning a show at 10:15am EST."
"260360377450237952","","","","","2012-10-22 12:42:05 +0000","<a href=""http://tapbots.com/software/tweetbot/mac"" rel=""nofollow"">Tweetbot for Mac</a>","Our Printrbot Jr. shows up in this gallery of photos from a recap of @makerfaireORF http://t.co/0hNxxnJ8","http://embedded-lab.com/blog/?p=6169"
"260357684073754624","260240158245416960","740343","","","2012-10-22 12:31:23 +0000","<a href=""http://tapbots.com/software/tweetbot/mac"" rel=""nofollow"">Tweetbot for Mac</a>","@cogdog @zbartrout I want to know how people are able to get such good scans from 123D Catch. Mine are always awful."
"260050588337831939","260045931788001280","16699990","","","2012-10-21 16:11:06 +0000","<a href=""http://tapbots.com/tweetbot"" rel=""nofollow"">Tweetbot for iOS</a>","@savasavasava @thelistserve I I unsubscribed today because I realized I don't read them anymore. Wonder how truly ""random"" the selection is."
"259829140105097216","259825658623045632","304427740","","","2012-10-21 01:31:09 +0000","<a href=""http://tapbots.com/tweetbot"" rel=""nofollow"">Tweetbot for iOS</a>","@indieschoollib I'm glad I'm not alone in this."
"259816603217186816","","","","","2012-10-21 00:41:20 +0000","<a href=""http://www.apple.com"" rel=""nofollow"">iOS</a>","I feel like the solid chocolate reservoir at the bottom of the cone is one of those oft overlooked innovations that ? https://t.co/AjiKZgPR","https://posts.app.net/1114680"
"259788193577201665","259659971074068480","18532289","","","2012-10-20 22:48:26 +0000","<a href=""http://tapbots.com/tweetbot"" rel=""nofollow"">Tweetbot for iOS</a>","@krswan Looks like a fun space! Look forward to following your progress as well."
"259787822876196865","259787466318442496","9281052","","","2012-10-20 22:46:58 +0000","<a href=""http://tapbots.com/tweetbot"" rel=""nofollow"">Tweetbot for iOS</a>","@_BMF_ That's great! Glad we finally got a Maker Faire close to home. Turnout was good too."
"259475569710866433","","","","","2012-10-20 02:06:11 +0000","<a href=""http://tapbots.com/software/tweetbot/mac"" rel=""nofollow"">Tweetbot for Mac</a>","Just uploaded a bunch of new photos to the UMW ThinkLab Flickr pool of recent work/events in the makerspace http://t.co/jjdnOknP","http://www.flickr.com/groups/thinklab/pool/"
"259447509766782976","259445237125103616","9281052","","","2012-10-20 00:14:41 +0000","<a href=""http://tapbots.com/tweetbot"" rel=""nofollow"">Tweetbot for iOS</a>","@_BMF_ Watch the video, it's awesome! http://t.co/yUpB8xzP","http://www.makeymakey.com/"
"259442294120394753","259442057578438657","9281052","","","2012-10-19 23:53:57 +0000","<a href=""http://tapbots.com/software/tweetbot/mac"" rel=""nofollow"">Tweetbot for Mac</a>","@_BMF_ Sweet! I?ve got a Printrbot Jr, MakeyMakey, and a few other things all in a box to bring along. Should be tons of fun!"
"259441262321627137","","9281052","","","2012-10-19 23:49:51 +0000","<a href=""http://tapbots.com/software/tweetbot/mac"" rel=""nofollow"">Tweetbot for Mac</a>","@_BMF_ Going to be at Maker Faire tomorrow? I?m setting up some stuff at a table with Flint Hill School. None of my students are coming."
"259431744019767297","","","","","2012-10-19 23:12:02 +0000","<a href=""http://tapbots.com/software/tweetbot/mac"" rel=""nofollow"">Tweetbot for Mac</a>","I suppose I need to figure out what Twitter client I?m going to use for Mac now that this Twitter beta will surely expire soon. Hmmm"
"259376879050567680","","","259374875301523457","12912","2012-10-19 19:34:01 +0000","<a href=""http://tapbots.com/software/tweetbot/mac"" rel=""nofollow"">Tweetbot for Mac</a>","RT @maura: dear every site: if I?m clicking a link to a story on my phone I want to go to that link, not an ad for your app followed by  ..."
"259373156421218304","","","","","2012-10-19 19:19:14 +0000","<a href=""http://tapbots.com/software/tweetbot/mac"" rel=""nofollow"">Tweetbot for Mac</a>","All packed up and ready to go for the Norfolk Mini Makerfaire!"
"259355528080281601","259354756353511425","12363792","","","2012-10-19 18:09:11 +0000","<a href=""http://tapbots.com/software/tweetbot/mac"" rel=""nofollow"">Tweetbot for Mac</a>","@jonbecker Sure, Nexus 7 is a good device (that will have a competitor next week with a smaller iPad). ChromeOS feels like a failed dream."
"259353967866294272","","","","","2012-10-19 18:02:59 +0000","<a href=""http://tapbots.com/software/tweetbot/mac"" rel=""nofollow"">Tweetbot for Mac</a>","Actually kind of surprised Google seems to be doubling down on the Chromebook. Who the hell wants to pay for a device with only a browser?"
"259277211272626177","259223073406996480","19897497","","","2012-10-19 12:57:58 +0000","<a href=""http://tapbots.com/tweetbot"" rel=""nofollow"">Tweetbot for iOS</a>","@DrGarcia @dlnorman It's mutual."
"259119230929219584","","","","","2012-10-19 02:30:13 +0000","<a href=""http://tapbots.com/software/tweetbot/mac"" rel=""nofollow"">Tweetbot for Mac</a>","Hands down the best Binders of Women joke image on the internet http://t.co/fSonUaz4","http://i.imgur.com/igqsn.gif"
"259117841196912640","","","","","2012-10-19 02:24:42 +0000","<a href=""http://tapbots.com/software/tweetbot/mac"" rel=""nofollow"">Tweetbot for Mac</a>","For some reason I find it fascinating how anti-Apple Reddit is."
"258973503091523584","","","","","2012-10-18 16:51:09 +0000","<a href=""http://tapbots.com/software/tweetbot/mac"" rel=""nofollow"">Tweetbot for Mac</a>","Damn, I really like Tweetbot but there is no way I can justify paying the same price for it that I paid for the OS it?s running on."
"258951998064455680","258947732197220352","16352732","","","2012-10-18 15:25:42 +0000","<a href=""http://tapbots.com/software/tweetbot/mac"" rel=""nofollow"">Tweetbot for Mac</a>","@mrnichol Seriously. I?m working a couple different angles. Hopefully by this time next year maybe. :)"
"258947139881795584","258931463448297472","6114332","","","2012-10-18 15:06:23 +0000","<a href=""http://tapbots.com/tweetbot"" rel=""nofollow"">Tweetbot for iOS</a>","@patrick_mj Sweet, thanks"
"258927164706148352","","","258926039428902912","16352732","2012-10-18 13:47:01 +0000","<a href=""http://tapbots.com/software/tweetbot/mac"" rel=""nofollow"">Tweetbot for Mac</a>","RT @mrnichol: Yes. I'm going to try this. Pumpkins with frickin' laser beams!  http://t.co/mhBwehaa","http://seattlefoodgeek.com/2009/10/how-to-carve-pumpkins-with-a-laser/"
"258926819405873152","","","","","2012-10-18 13:45:39 +0000","<a href=""http://tapbots.com/software/tweetbot/mac"" rel=""nofollow"">Tweetbot for Mac</a>","Sold my iPad to Gazelle. I?m convinced I?ll be happier with the smaller version Apple is announcing next week."
"258763399327002624","","","258763214840532992","596531905","2012-10-18 02:56:16 +0000","<a href=""http://tapbots.com/tweetbot"" rel=""nofollow"">Tweetbot for iOS</a>","RT @makerfaireORF: RT @richmoormann: First Maker Faire in Norfolk: Capacity! All 55,000 s.f. of Maker spaces are FULL! Ready for the #Aw ..."
"258739629379956737","258704172315185153","6114332","","","2012-10-18 01:21:49 +0000","<a href=""http://tapbots.com/software/tweetbot/mac"" rel=""nofollow"">Tweetbot for Mac</a>","@patrick_mj I didn?t. Archive somewhere? I only started going to FA 2 years ago right before I started working here."
"258702955014922240","","","","","2012-10-17 22:56:05 +0000","<a href=""http://tapbots.com/tweetbot"" rel=""nofollow"">Tweetbot for iOS</a>","And to prove my point the only person at this event that decided not to use a PowerPoint has the audience captivated."
"258696732525871105","","","","","2012-10-17 22:31:22 +0000","<a href=""http://tapbots.com/tweetbot"" rel=""nofollow"">Tweetbot for iOS</a>","PowerPoint is a crutch. Stop using it and you'll instantly have a more meaningful conversation."
"258638021358923776","","","","","2012-10-17 18:38:04 +0000","<a href=""http://tapbots.com/tweetbot"" rel=""nofollow"">Tweetbot for iOS</a>","Nevermind, just googled the email address it came from. Definitely a scam."
"258637572400623616","","","","","2012-10-17 18:36:17 +0000","<a href=""http://tapbots.com/tweetbot"" rel=""nofollow"">Tweetbot for iOS</a>","This is a scam, right? Seems like it. http://t.co/FBQiFaj8","http://twitpic.com/b51drt"
"258552034268172288","","","","","2012-10-17 12:56:23 +0000","<a href=""http://flickr.com/services/twitter/"" rel=""nofollow"">Flickr</a>","Autumn at UMW http://t.co/J1YA6cM9","http://flic.kr/p/dkuhx9"
"258366440246239233","258362585546629120","209777503","","","2012-10-17 00:38:54 +0000","<a href=""http://tapbots.com/tweetbot"" rel=""nofollow"">Tweetbot for iOS</a>","@ahsob Seriously. I love how its an online form with no ability to submit except print."
"258359409216983042","","","","","2012-10-17 00:10:57 +0000","<a href=""http://tapbots.com/software/tweetbot/mac"" rel=""nofollow"">Tweetbot for Mac</a>","?Please complete the following online form, then print it and mail or fax it to our office.? Seriously."
"258304714561687553","258302585923063808","14168970","","","2012-10-16 20:33:37 +0000","<a href=""http://tapbots.com/software/tweetbot/mac"" rel=""nofollow"">Tweetbot for Mac</a>","@billgx The Printrbot Jr. is a good start (though the documentation could use some work)."
"258304201694793730","","","","","2012-10-16 20:31:35 +0000","<a href=""http://tapbots.com/software/tweetbot/mac"" rel=""nofollow"">Tweetbot for Mac</a>","Selling my 64GB White iPad 3. If anyone near me on Twitter is interested send me a DM http://t.co/DSFhODxE","http://fredericksburg.craigslist.org/ele/3343612126.html"
"258301462671679488","258301273554710528","14298626","","","2012-10-16 20:20:42 +0000","<a href=""http://tapbots.com/software/tweetbot/mac"" rel=""nofollow"">Tweetbot for Mac</a>","@zachwhalen @samplereality I?m sure there might be other ways to do it. IFTTT was just the easiest. Can?t think of ways off top of my head."
"258298614063972352","258291490793594880","183016733","","","2012-10-16 20:09:23 +0000","<a href=""http://tapbots.com/software/tweetbot/mac"" rel=""nofollow"">Tweetbot for Mac</a>","@doodle_muse Welcome to come by anytime!"
"258298283636711424","258293898257002496","83852241","","","2012-10-16 20:08:04 +0000","<a href=""http://tapbots.com/software/tweetbot/mac"" rel=""nofollow"">Tweetbot for Mac</a>","@tieandjeans Oh yes. The old carpenter?s rule of ?Measure twice, cut once.? applies to 3d modeling as well."
"258291874148794369","258291681277931520","14298626","","","2012-10-16 19:42:36 +0000","<a href=""http://tapbots.com/software/tweetbot/mac"" rel=""nofollow"">Tweetbot for Mac</a>","@zachwhalen Yeah @IFTTT used to have Twitter triggers and Twitter shut them out with new API rules. Getting harder to get stuff out of here."
"258284425803096064","258281664080388096","83852241","","","2012-10-16 19:13:00 +0000","<a href=""http://tapbots.com/software/tweetbot/mac"" rel=""nofollow"">Tweetbot for Mac</a>","@tieandjeans Ah ok. What?s the replacement part for? Pinball machine?"
"258279629398368256","","","","","2012-10-16 18:53:56 +0000","<a href=""http://tapbots.com/tweetbot"" rel=""nofollow"">Tweetbot for iOS</a>","Printrbot Jr. A $400 3D printer. Built by my students in about 6 hours. http://t.co/IUchQhI7","http://twitpic.com/b4roe9"
"258278928333033473","","","","","2012-10-16 18:51:09 +0000","<a href=""http://tapbots.com/software/tweetbot/mac"" rel=""nofollow"">Tweetbot for Mac</a>","Bad: Realizing after assembling 3D printer that an endstop is in wrong direction. Good: Only having to take apart a few things to fix."
"258278620831838208","258274365609738240","83852241","","","2012-10-16 18:49:56 +0000","<a href=""http://tapbots.com/software/tweetbot/mac"" rel=""nofollow"">Tweetbot for Mac</a>","@tieandjeans Great! I don?t think I realized y?all had a 3D printer. What kind?"
"258273723390492672","258273574408830977","740343","","","2012-10-16 18:30:28 +0000","<a href=""http://tapbots.com/software/tweetbot/mac"" rel=""nofollow"">Tweetbot for Mac</a>","@cogdog That is one awesome looking 3D printer. Custom build?"
"258259974017384448","258259367151955968","10076902","","","2012-10-16 17:35:50 +0000","<a href=""http://tapbots.com/software/tweetbot/mac"" rel=""nofollow"">Tweetbot for Mac</a>","@twoodwar Gotcha, maybe ?personalization? then? Just thinking out loud."
"258258514538033153","258257940635590656","10076902","","","2012-10-16 17:30:02 +0000","<a href=""http://tapbots.com/software/tweetbot/mac"" rel=""nofollow"">Tweetbot for Mac</a>","@twoodwar commodification?"
"258257524992638978","","","","","2012-10-16 17:26:06 +0000","<a href=""http://tapbots.com/tweetbot"" rel=""nofollow"">Tweetbot for iOS</a>","Pink Panther Lady: 54 minutes at low resolution (.3mm layer height) http://t.co/zu806GHo","http://twitpic.com/b4r4sv"
"258232032814043136","258231717758902272","9058012","","","2012-10-16 15:44:49 +0000","<a href=""http://tapbots.com/tweetbot"" rel=""nofollow"">Tweetbot for iOS</a>","@ryanbrazell Now if they can just make stuff that sounds good instead of just looking good :-)"
"258209272570187779","","","","","2012-10-16 14:14:22 +0000","<a href=""http://tapbots.com/software/tweetbot/mac"" rel=""nofollow"">Tweetbot for Mac</a>","Hey UMW people, if you use Dropbox go here to grab a bunch of extra space! https://t.co/ApiGCUSb","https://www.dropbox.com/spacerace"
"258205382269341696","","","258204396679229441","36823","2012-10-16 13:58:55 +0000","<a href=""http://tapbots.com/software/tweetbot/mac"" rel=""nofollow"">Tweetbot for Mac</a>","RT @anildash: Finally, details on how Romney's going to give millionaires a $5 trillion tax cut without making the middle class pay: htt ..."
"258201828221665280","","","","","2012-10-16 13:44:47 +0000","<a href=""http://tapbots.com/software/tweetbot/mac"" rel=""nofollow"">Tweetbot for Mac</a>","A 42 byte file that unzips to 4.5 petabytes http://t.co/w6lkBWvY","http://www.unforgettable.dk/"
"258030320014721024","","","","","2012-10-16 02:23:16 +0000","<a href=""http://tapbots.com/software/tweetbot/mac"" rel=""nofollow"">Tweetbot for Mac</a>","Cool that people can see what music I was listening to, where I was running, and how far. https://t.co/jQyR3GjX I like this app a lot.","https://www.zombiesrungame.com/timmmmyboy/5k/429948/"
"258030155325374466","258028329666502657","304427740","","","2012-10-16 02:22:37 +0000","<a href=""http://tapbots.com/software/tweetbot/mac"" rel=""nofollow"">Tweetbot for Mac</a>","@indieschoollib Love that idea!"
"258028008085008384","258027860667813888","304427740","","","2012-10-16 02:14:05 +0000","<a href=""http://tapbots.com/software/tweetbot/mac"" rel=""nofollow"">Tweetbot for Mac</a>","@indieschoollib One of these days I?m going to do that, but I?m just starting back up running so won?t be ready for it this year."
"258024734967619591","","","","","2012-10-16 02:01:05 +0000","<a href=""http://www.apple.com"" rel=""nofollow"">iOS</a>","Just completed a 4.07 km run in mission ""Week 1, Workout 1"" of #zombiesrun #5k http://t.co/fiBSNy8C","http://zombiesrungame.com"
"257998617183399936","","","","","2012-10-16 00:17:18 +0000","<a href=""http://tapbots.com/software/tweetbot/mac"" rel=""nofollow"">Tweetbot for Mac</a>","Feature request for Twitter: The ability to mute every single tweet that includes a hashtag ending in ?chat?."
"257952246120210432","257947656582746112","102015522","","","2012-10-15 21:13:02 +0000","<a href=""http://tapbots.com/tweetbot"" rel=""nofollow"">Tweetbot for iOS</a>","@royallivermush Awesome!"
"257950491617656832","257950223639379968","6016032","","","2012-10-15 21:06:04 +0000","<a href=""http://tapbots.com/tweetbot"" rel=""nofollow"">Tweetbot for iOS</a>","@mgershovich @indieschoollib @cogdog @tomharbo 120mm/s extruding and 220mm/s travel."
"257936959031361537","257932762911232000","209777503","","","2012-10-15 20:12:17 +0000","<a href=""http://tapbots.com/software/tweetbot/mac"" rel=""nofollow"">Tweetbot for Mac</a>","@ahsob Thanks! Blue is a good color for me. :)"
"257929754949328896","257929550762221570","304427740","","","2012-10-15 19:43:40 +0000","<a href=""http://tapbots.com/software/tweetbot/mac"" rel=""nofollow"">Tweetbot for Mac</a>","@indieschoollib Yeah the new firmware is good. Fast but not loud or shaky. @cogdog @mgershovich @tomharbo"
"257925959842426880","","","","","2012-10-15 19:28:35 +0000","<a href=""http://tapbots.com/tweetbot"" rel=""nofollow"">Tweetbot for iOS</a>","Me printing at 100 microns @mgershovich @indieschoollib @tomharbo http://t.co/dzDVaGa5","http://twitpic.com/b4huk2"
"257895768642420736","","","257892731446239232","11900","2012-10-15 17:28:37 +0000","<a href=""http://tapbots.com/tweetbot"" rel=""nofollow"">Tweetbot for iOS</a>","RT @bre: Yesyesyes! Sketchup to integrate open source stl import and export functionality out of the box!  YES! So much win!!!"
"257676765755998208","","6016032","","","2012-10-15 02:58:23 +0000","<a href=""http://tapbots.com/software/tweetbot/mac"" rel=""nofollow"">Tweetbot for Mac</a>","@mgershovich @indieschoollib I think I?m going to load this firmware on the Rep tomorrow http://t.co/euDDRvlC","http://www.thingiverse.com/thing:32084"
"257605749063163904","","","","","2012-10-14 22:16:11 +0000","<a href=""http://tapbots.com/tweetbot"" rel=""nofollow"">Tweetbot for iOS</a>","Going to have a cup of coffee with a friend from Germany I haven't seen in 12 years. How cool is that?!"
"257562911818522624","257562598252359680","13046992","","","2012-10-14 19:25:58 +0000","<a href=""http://tapbots.com/software/tweetbot/mac"" rel=""nofollow"">Tweetbot for Mac</a>","@mhawksey That?s awesome! I?ve played with TAGS before but just for archiving, never as part of visualization. Thanks! @CosmoCat"
"257556594529800192","","","257555796450234368","174853","2012-10-14 19:00:51 +0000","<a href=""http://tapbots.com/software/tweetbot/mac"" rel=""nofollow"">Tweetbot for Mac</a>","RT @Gartenberg: INDIANA JONES DISCOVERS HIS BID FOR TENURE HAS BEEN DENIED http://t.co/TZmi7ooU","http://www.mcsweeneys.net/articles/back-from-yet-another-globetrotting-adventure-indiana-jones-checks-his-mail-and-discovers-that-his-bid-for-tenure-has-been-denied"
"257552458568572928","","","","","2012-10-14 18:44:25 +0000","<a href=""http://tapbots.com/software/tweetbot/mac"" rel=""nofollow"">Tweetbot for Mac</a>","Should have read the comments on the blog post about their closing. Someone recommended http://t.co/HnUaSkkX which looks great!","http://twitterfontana.com/"
"257552057320501248","","","","","2012-10-14 18:42:50 +0000","<a href=""http://tapbots.com/software/tweetbot/mac"" rel=""nofollow"">Tweetbot for Mac</a>","Since my fav Twitter visualization TwitterFountain closed up shop, what are people using now for hashtag visualizations?"
"257509194436079616","","","257506234448609281","14326028","2012-10-14 15:52:30 +0000","<a href=""http://tapbots.com/software/tweetbot/mac"" rel=""nofollow"">Tweetbot for Mac</a>","RT @carlhancock: Red Bull Stratos is live! Felix is at 14,000 feet and rising. Record skydive attempt! Watch live: http://t.co/4q0oGmz4","http://www.redbullstratos.com/live"
"257501530280820736","","","","","2012-10-14 15:22:03 +0000","<a href=""http://tapbots.com/software/tweetbot/mac"" rel=""nofollow"">Tweetbot for Mac</a>","Full day of meetings for 2012 VSTE conference. It?s amazing how much gets accomplished by this team of folks."
"257310459793903617","257309673525497856","14243337","","","2012-10-14 02:42:48 +0000","<a href=""http://tapbots.com/tweetbot"" rel=""nofollow"">Tweetbot for iOS</a>","@lasso246 Yep. Outside with a DJ going strong. Oppom Gangnam style!"
"257309073354141696","257280471543709696","14243337","","","2012-10-14 02:37:18 +0000","<a href=""http://tapbots.com/tweetbot"" rel=""nofollow"">Tweetbot for iOS</a>","@lasso246 http://t.co/AmYOR8l5","http://twitpic.com/b3xoz6"
"257277003068227584","257275769158512640","719299638","","","2012-10-14 00:29:52 +0000","<a href=""http://tapbots.com/tweetbot"" rel=""nofollow"">Tweetbot for iOS</a>","@jodikittle @EdCampISVA I second that!"
"257216292493348864","","","257150603564838912","125693278","2012-10-13 20:28:37 +0000","<a href=""http://tapbots.com/tweetbot"" rel=""nofollow"">Tweetbot for iOS</a>","RT @ccshriver: The product of the maker space is not products; the product of the maker space is makers. #edcampisva"
"257211881008267264","","","257200404360724480","304427740","2012-10-13 20:11:05 +0000","<a href=""http://tapbots.com/tweetbot"" rel=""nofollow"">Tweetbot for iOS</a>","RT @indieschoollib: @timmmmyboy had to leave @edcampisva, but he's here in spirit (or PLA plastic) http://t.co/fSbfjSsl","http://twitpic.com/b3un7z"
"257159130857476096","","","257156707929694209","83852241","2012-10-13 16:41:29 +0000","<a href=""http://tapbots.com/tweetbot"" rel=""nofollow"">Tweetbot for iOS</a>","RT @tieandjeans: Great conversation about maker spaces with @timmmmyboy @indieschoollib @capohanka  @mmreesescott wih lots of love for @ ..."
"257127708994195456","","","","","2012-10-13 14:36:37 +0000","<a href=""http://tapbots.com/tweetbot"" rel=""nofollow"">Tweetbot for iOS</a>","Finally got to meet @tieandjeans @indieschoollib and @capohanka in person at #edcampisva"
"256854047196336128","256852470993678336","304427740","","","2012-10-12 20:29:11 +0000","<a href=""http://tapbots.com/software/tweetbot/mac"" rel=""nofollow"">Tweetbot for Mac</a>","@indieschoollib I?m going to try to get away for a little bit in the late morning. I?ll be traveling in the afternoon."
"256745736354541568","256745204504227840","6109062","","","2012-10-12 13:18:48 +0000","<a href=""http://tapbots.com/software/tweetbot/mac"" rel=""nofollow"">Tweetbot for Mac</a>","@saracup I was just reading that! The same thing happened to me when I worked at a private school a few years ago."
"256744877906354176","256743387259105280","9281052","","","2012-10-12 13:15:23 +0000","<a href=""http://tapbots.com/software/tweetbot/mac"" rel=""nofollow"">Tweetbot for Mac</a>","@_BMF_ I think I could have a whole playlist of great movie soundtracks to run to. This is great, thanks!"
"256739568433364992","256739396102017024","17966282","","","2012-10-12 12:54:17 +0000","<a href=""http://tapbots.com/software/tweetbot/mac"" rel=""nofollow"">Tweetbot for Mac</a>","@DistinctLaugh Oh my god yes. Girl Talk and Alive 2007 are gold."
"256738749625532417","256738598890663936","6109062","","","2012-10-12 12:51:02 +0000","<a href=""http://tapbots.com/software/tweetbot/mac"" rel=""nofollow"">Tweetbot for Mac</a>","@saracup Printing my own arm weights."
"256738679232540672","","","","","2012-10-12 12:50:45 +0000","<a href=""http://tapbots.com/software/tweetbot/mac"" rel=""nofollow"">Tweetbot for Mac</a>","I think this is going to be at the top of the workout list http://t.co/BKxKdLAw","http://www.youtube.com/watch?v=imamcajBEJs"
"256737577313370112","256737290192318464","6109062","","","2012-10-12 12:46:23 +0000","<a href=""http://tapbots.com/software/tweetbot/mac"" rel=""nofollow"">Tweetbot for Mac</a>","@saracup There?s a remote possibility. A better likelihood is I?ll get lazy and quit. We?ll see! @tieandjeans"
"256732315076681728","256732197661335552","16352732","","","2012-10-12 12:25:28 +0000","<a href=""http://tapbots.com/software/tweetbot/mac"" rel=""nofollow"">Tweetbot for Mac</a>","@mrnichol Dude, not only do I have it. This just came out today! http://t.co/XEZGQq9Q","http://blog.zombiesrungame.com/post/33424518769/zombies-run-5k-training-is-out-now"
"256731646122930177","","","256731395207094272","62509229","2012-10-12 12:22:48 +0000","<a href=""http://tapbots.com/software/tweetbot/mac"" rel=""nofollow"">Tweetbot for Mac</a>","RT @RVAFamilyMag: Podrunner!  http://t.co/pRME2JCqRT @timmmmyboy: Starting a 5K training program next week and need some killer ?get mo ...","http://bit.ly/NcdMB"
"256731574526169088","256731477327355904","6109062","","","2012-10-12 12:22:31 +0000","<a href=""http://tapbots.com/software/tweetbot/mac"" rel=""nofollow"">Tweetbot for Mac</a>","@saracup lol, nice!"
"256731178059587584","","","","","2012-10-12 12:20:57 +0000","<a href=""http://tapbots.com/software/tweetbot/mac"" rel=""nofollow"">Tweetbot for Mac</a>","Starting a 5K training program next week and need some killer ?get motivated? music. Give me your best recommendations!"
"256556304234082304","","","","","2012-10-12 00:46:04 +0000","<a href=""http://tapbots.com/software/tweetbot/mac"" rel=""nofollow"">Tweetbot for Mac</a>","Well the students didn?t finish the 3D printer (probably wrap things up tomorrow) but it was fun seeing them work through it."
"256554258248392704","","","256554138664587267","743493","2012-10-12 00:37:56 +0000","<a href=""http://tapbots.com/software/tweetbot/mac"" rel=""nofollow"">Tweetbot for Mac</a>","RT @rushaw: In my opinion, curiosity doesn?t kill ENOUGH cats."
"256532901661921280","","","","","2012-10-11 23:13:04 +0000","<a href=""http://tapbots.com/software/tweetbot/mac"" rel=""nofollow"">Tweetbot for Mac</a>","2 hours may have been a little ambitious. cc: @tieandjeans"
"256506023869829120","","","","","2012-10-11 21:26:16 +0000","<a href=""http://tapbots.com/software/tweetbot/mac"" rel=""nofollow"">Tweetbot for Mac</a>","That feeling when you solder something, turn it on, and it works. #booyeah"
"256505961043345408","256505759075028992","18641919","","","2012-10-11 21:26:01 +0000","<a href=""http://tapbots.com/software/tweetbot/mac"" rel=""nofollow"">Tweetbot for Mac</a>","@tomharbo Haha, exactly!"
"256494603161710593","256494331614085120","83852241","","","2012-10-11 20:40:53 +0000","<a href=""http://tapbots.com/tweetbot"" rel=""nofollow"">Tweetbot for iOS</a>","@tieandjeans Printrbot Jr. We've separated the instructions into different groups so parts can come together simultaneously."
"256493074635710464","","","","","2012-10-11 20:34:49 +0000","<a href=""http://www.apple.com"" rel=""nofollow"">iOS</a>","Over the next 2 hours my students are going to turn this into a 3D Printer http://t.co/QMDhDZ7e ? https://t.co/TlHP03Io","http://cl.ly/K4oR","https://alpha.app.net/timmmmyboy/post/915575"
"256412595693711360","","","","","2012-10-11 15:15:01 +0000","<a href=""http://tapbots.com/software/tweetbot/mac"" rel=""nofollow"">Tweetbot for Mac</a>","This is great! @marcoarment has built a true digital magazine that rethinks the publishing model. http://t.co/U8y6i8jr","http://the-magazine.org/"
"256215384863174656","","","","","2012-10-11 02:11:22 +0000","<a href=""http://tapbots.com/tweetbot"" rel=""nofollow"">Tweetbot for iOS</a>","I just read every response in the Ira Glass AMA in the voice of Ira Glass. I regret nothing."
"256119247498002432","256117689876094977","19897497","","","2012-10-10 19:49:21 +0000","<a href=""http://tapbots.com/software/tweetbot/mac"" rel=""nofollow"">Tweetbot for Mac</a>","@DrGarcia Videos that would have been displayed on dancers in bodysuits at Henson?s night club http://t.co/uHKPPOXd","http://www.youtube.com/user/HensonCompany/videos?query=cyclia"
"256118054184943616","256117689876094977","19897497","","","2012-10-10 19:44:37 +0000","<a href=""http://tapbots.com/software/tweetbot/mac"" rel=""nofollow"">Tweetbot for Mac</a>","@DrGarcia I recorded it. I play it for you this evening. In the meantime: http://t.co/C1b1kNsM@mbransons","http://brianjayjones.com/"
"256108649217417216","256107934302482433","259908125","","","2012-10-10 19:07:14 +0000","<a href=""http://tapbots.com/tweetbot"" rel=""nofollow"">Tweetbot for iOS</a>","@mbransons Should be able to make it happen. We'll see"
"256100878329716736","","19897497","","","2012-10-10 18:36:22 +0000","<a href=""http://tapbots.com/software/tweetbot/mac"" rel=""nofollow"">Tweetbot for Mac</a>","@DrGarcia Just got done talking with him. If you?re around I?ll broadcast a bit about what he said (didn?t get chance to record)."
"256100657902284802","256086225058947072","6109062","","","2012-10-10 18:35:29 +0000","<a href=""http://tapbots.com/software/tweetbot/mac"" rel=""nofollow"">Tweetbot for Mac</a>","@saracup Nice!"
"256100475336806400","256080144635154432","14298626","","","2012-10-10 18:34:46 +0000","<a href=""http://tapbots.com/software/tweetbot/mac"" rel=""nofollow"">Tweetbot for Mac</a>","@zachwhalen @jimgroom @NoPayneNoGain_ Yes regular UMW wireless blocks port 8010. Have to use Secured or Apogee."
"256069495922237442","","","256068789886668800","6088332","2012-10-10 16:31:40 +0000","<a href=""http://tapbots.com/tweetbot"" rel=""nofollow"">Tweetbot for iOS</a>","RT @shauser: Ira Glass is doing an AMA on Reddit (cc: @mburtis) http://t.co/Z8L5zuqh","http://www.reddit.com/r/IAmA/comments/1197d7/iam_ira_glass_creator_of_this_american_life_ama/"
"256060923754733568","256060707093762049","19897497","","","2012-10-10 15:57:36 +0000","<a href=""http://tapbots.com/software/tweetbot/mac"" rel=""nofollow"">Tweetbot for Mac</a>","@DrGarcia Good chance I?ll get to work with him in some capacity over coming months so plenty of opportunity to pick his brain."
"256051968827596800","","19897497","","","2012-10-10 15:22:01 +0000","<a href=""http://tapbots.com/software/tweetbot/mac"" rel=""nofollow"">Tweetbot for Mac</a>","@DrGarcia Talking to a guy who is writing a biography on Jim Henson this afternoon. Any burning questions?"
"256044380102729728","256042533459742723","22495563","","","2012-10-10 14:51:51 +0000","<a href=""http://tapbots.com/software/tweetbot/mac"" rel=""nofollow"">Tweetbot for Mac</a>","@danielphelps @mbransons @jimgroom @DrGarcia Hey! What?s going on?!"
"255828846258040832","","","255744652219674624","17277126","2012-10-10 00:35:24 +0000","<a href=""http://tapbots.com/tweetbot"" rel=""nofollow"">Tweetbot for iOS</a>","RT @PresidentHurley: I just finished touring the ThinkLab in the Simpson Library. #UMW students are producing some innovative 3D models. ..."
"255827740572393472","","","","","2012-10-10 00:31:01 +0000","<a href=""http://tapbots.com/tweetbot"" rel=""nofollow"">Tweetbot for iOS</a>","Had a great time showing @PresidentHurley the Makerspace today. Still thinking of ways we can involve more students and faculty."
"255827266490220545","","16352732","","","2012-10-10 00:29:08 +0000","<a href=""http://tapbots.com/tweetbot"" rel=""nofollow"">Tweetbot for iOS</a>","@mrnichol ?What do we need for support? Well to be honest a laser cutter would be the final thing! ;-)?"
"255827095475851264","","16352732","","","2012-10-10 00:28:27 +0000","<a href=""http://tapbots.com/tweetbot"" rel=""nofollow"">Tweetbot for iOS</a>","@mrnichol Got to see a Universal Laser system in action today. Still drooling. Also showed off Makerspace to our college President today."
"255799803982782465","255781158334390272","7325992","","","2012-10-09 22:40:00 +0000","<a href=""http://tapbots.com/tweetbot"" rel=""nofollow"">Tweetbot for iOS</a>","@scmorgan @jmcclurken @mburtis @jimgroom I'm going to try to make it for a few hours in the morning. Can't stay for the whole thing."
"255798459720953857","","","","","2012-10-09 22:34:39 +0000","<a href=""http://tapbots.com/tweetbot"" rel=""nofollow"">Tweetbot for iOS</a>","""One man's signal is another man's noise."" https://t.co/HNw0HKVH","https://alpha.app.net/sandwich/post/858514"
"255778095250931712","","19897497","","","2012-10-09 21:13:44 +0000","<a href=""http://tapbots.com/tweetbot"" rel=""nofollow"">Tweetbot for iOS</a>","@DrGarcia Driving home. Have you piped into the car."
"255777083400261632","","19897497","","","2012-10-09 21:09:43 +0000","<a href=""http://tapbots.com/tweetbot"" rel=""nofollow"">Tweetbot for iOS</a>","@DrGarcia Hi! #ds106radio"
"255714937085763584","255713794188275712","6109062","","","2012-10-09 17:02:46 +0000","<a href=""http://tapbots.com/tweetbot"" rel=""nofollow"">Tweetbot for iOS</a>","@saracup just got a table to the right."
"255714451435708416","255713794188275712","6109062","","","2012-10-09 17:00:50 +0000","<a href=""http://tapbots.com/tweetbot"" rel=""nofollow"">Tweetbot for iOS</a>","@saracup @jimgroom @mburtis @rushaw Home Team"
"255703335120797696","255703178543255552","6109062","","","2012-10-09 16:16:40 +0000","<a href=""http://tapbots.com/software/tweetbot/mac"" rel=""nofollow"">Tweetbot for Mac</a>","@saracup I believe we?re going out to eat with @cgerman21 and his Provost."
"255701384882700289","255691666000855040","6109062","","","2012-10-09 16:08:55 +0000","<a href=""http://tapbots.com/software/tweetbot/mac"" rel=""nofollow"">Tweetbot for Mac</a>","@saracup Just got back."
"255649261688078336","","","","","2012-10-09 12:41:48 +0000","<a href=""http://tapbots.com/software/tweetbot/mac"" rel=""nofollow"">Tweetbot for Mac</a>","?The world breaks everyone, and afterward, some are strong at the broken places.? Hemingway http://t.co/4r0O6w5x","http://ohpioneer.com/post/29915672017/the-world-breaks-everyone-and-afterward-some"
"255647500629852160","255646999217577984","183420189","","","2012-10-09 12:34:48 +0000","<a href=""http://tapbots.com/software/tweetbot/mac"" rel=""nofollow"">Tweetbot for Mac</a>","@b4ssm4st3r What kind did you make this time? You just reminded me to raid this cabinet and bring some home."
"255460643501654016","255460276458106880","183016733","","","2012-10-09 00:12:18 +0000","<a href=""http://tapbots.com/software/tweetbot/mac"" rel=""nofollow"">Tweetbot for Mac</a>","@doodle_muse @jimgroom That?s awesome! My brain hurts just looking at it."
"255452403380400128","255452137264398336","19897497","","","2012-10-08 23:39:33 +0000","<a href=""http://tapbots.com/software/tweetbot/mac"" rel=""nofollow"">Tweetbot for Mac</a>","@DrGarcia That and maybe getting out there before 11:59pm. Ooo, let?s build a stage!"
"255451130698530816","255450783380807680","19897497","","","2012-10-08 23:34:30 +0000","<a href=""http://tapbots.com/software/tweetbot/mac"" rel=""nofollow"">Tweetbot for Mac</a>","@DrGarcia Oh my god I hope so. This is our year to go big."
"255449805420113921","255448767149514753","19897497","","","2012-10-08 23:29:14 +0000","<a href=""http://tapbots.com/software/tweetbot/mac"" rel=""nofollow"">Tweetbot for Mac</a>","@DrGarcia Falalalala"
"255448429222825984","","","","","2012-10-08 23:23:46 +0000","<a href=""http://tapbots.com/software/tweetbot/mac"" rel=""nofollow"">Tweetbot for Mac</a>","Gas logs fired up for the first time this season. Having a sudden urge to make pumpkin pie and play Christmas music."
"255422519769706496","","","","","2012-10-08 21:40:48 +0000","<a href=""http://tapbots.com/software/tweetbot/mac"" rel=""nofollow"">Tweetbot for Mac</a>","Oh you sent an all faculty email voicing your complaints and opinions? Awesome http://t.co/P79wcblj","http://img.totaloutdoornetwork.com/UserFiles/24/240/24070/mjep.gif"
"255403630012817408","255402961377841152","739293","","","2012-10-08 20:25:45 +0000","<a href=""http://tapbots.com/software/tweetbot/mac"" rel=""nofollow"">Tweetbot for Mac</a>","@courosa I absolutely love the girl with the massive bear on her head looking at him with ?what the hell?? eyes. How embarrassing."
"255133187183878145","255132750137409537","9058012","","","2012-10-08 02:31:06 +0000","<a href=""http://tapbots.com/tweetbot"" rel=""nofollow"">Tweetbot for iOS</a>","@ryanbrazell @triplingual To add a new follower, it asks for an ""Entity URI"". I consider myself a geek, but what?!"
"255131397352718336","255131133036097536","128196131","","","2012-10-08 02:23:59 +0000","<a href=""http://tapbots.com/tweetbot"" rel=""nofollow"">Tweetbot for iOS</a>","@triplingual After playing with it for 30 minutes I'm placing my bet it won't be around a year from now."
"255123736389373953","","","","","2012-10-08 01:53:33 +0000","<a href=""http://tapbots.com/software/tweetbot/mac"" rel=""nofollow"">Tweetbot for Mac</a>","?We would prefer to bootstrap Tent.is rather than take VC, but may need to if revenue is insufficient.? https://t.co/MNtrcPQO","https://tent.is/blog/20-hours-of-tent-is"
"255120935261175808","255119064475774976","14587524","","","2012-10-08 01:42:25 +0000","<a href=""http://tapbots.com/software/tweetbot/mac"" rel=""nofollow"">Tweetbot for Mac</a>","@jasongreen Do you get a lot of 503 errors when you use tent.is? This evening is first time playing with it and almost every page fails."
"255119753847398401","255119064475774976","14587524","","","2012-10-08 01:37:43 +0000","<a href=""http://tapbots.com/software/tweetbot/mac"" rel=""nofollow"">Tweetbot for Mac</a>","@jasongreen The current web ui just screams ?this is by geeks for geeks?. Who the heck knows what an ?Entity URI? is to follow someone?"
"255119061665587200","255118820035928064","14587524","","","2012-10-08 01:34:58 +0000","<a href=""http://tapbots.com/software/tweetbot/mac"" rel=""nofollow"">Tweetbot for Mac</a>","@jasongreen For me iOS and Mac client is all I need. For larger community I?d imagine Android, solid web apps, etc are important."
"255117005722644481","255115717765132288","14587524","","","2012-10-08 01:26:48 +0000","<a href=""http://tapbots.com/software/tweetbot/mac"" rel=""nofollow"">Tweetbot for Mac</a>","@jasongreen Third party development. Mobile apps, web apps, things like that."
"255113054554038272","255112819073224704","14587524","","","2012-10-08 01:11:06 +0000","<a href=""http://tapbots.com/software/tweetbot/mac"" rel=""nofollow"">Tweetbot for Mac</a>","@jasongreen Could be interesting. Definitely needs to be as easy to install as possible. And of course third-party support. We?ll see."
"255106728079798272","","","","","2012-10-08 00:45:58 +0000","<a href=""http://tapbots.com/software/tweetbot/mac"" rel=""nofollow"">Tweetbot for Mac</a>","Decided to go ahead and grab my username on tent.is (same as here and everywhere else). Can?t imagine I?ll use it, but like the idea."
"255101683514875905","","","","","2012-10-08 00:25:55 +0000","<a href=""http://tapbots.com/software/tweetbot/mac"" rel=""nofollow"">Tweetbot for Mac</a>","Meagan?s Movie Alphabet http://t.co/x08csyM5 #ds106","http://meaganhyland.com/71775/541500/portfolio/movie-alphabet"
"255100092078514176","255099618327683073","11144032","","","2012-10-08 00:19:36 +0000","<a href=""http://tapbots.com/software/tweetbot/mac"" rel=""nofollow"">Tweetbot for Mac</a>","@techsavvyed I gave up on G+ long ago. I go for the hangouts but that?s it. Still wish they would open their API but they have no plans to."
"255018437959626752","255006415192735744","183420189","","","2012-10-07 18:55:08 +0000","<a href=""http://tapbots.com/tweetbot"" rel=""nofollow"">Tweetbot for iOS</a>","@b4ssm4st3r mit Pommes! That looks delicious."
"254802084745068544","","","","","2012-10-07 04:35:25 +0000","<a href=""http://tapbots.com/tweetbot"" rel=""nofollow"">Tweetbot for iOS</a>","I fell asleep during the movie. Old Man Level: 11"
"254748224949207040","254747944081842176","259908125","","","2012-10-07 01:01:24 +0000","<a href=""http://tapbots.com/software/tweetbot/mac"" rel=""nofollow"">Tweetbot for Mac</a>","@mbransons I won?t be back until around 12:30 so I?ll ping you all around then if you?re still around. @noiseprofessor @DrGarcia @cogdog"
"254745383627014146","254745246360014848","17966282","","","2012-10-07 00:50:07 +0000","<a href=""http://tapbots.com/software/tweetbot/mac"" rel=""nofollow"">Tweetbot for Mac</a>","@DistinctLaugh Sweet! That?s what I hear from enough folks that I?m excited to see it."
"254744545466662912","254744363576487936","259908125","","","2012-10-07 00:46:47 +0000","<a href=""http://tapbots.com/software/tweetbot/mac"" rel=""nofollow"">Tweetbot for Mac</a>","@mbransons Dude, my movie is at 10. I might be up for a late night hangout. @noiseprofessor @cogdog @DrGarcia"
"254744419532697601","254744275810648065","740343","","","2012-10-07 00:46:17 +0000","<a href=""http://tapbots.com/software/tweetbot/mac"" rel=""nofollow"">Tweetbot for Mac</a>","@cogdog I know little about the movie but heard many good things from others so I?m excited."
"254743946884947968","","","","","2012-10-07 00:44:24 +0000","<a href=""http://tapbots.com/software/tweetbot/mac"" rel=""nofollow"">Tweetbot for Mac</a>","Going to see Looper tonight at the best movie theater this side of town with @emalee_owens  cc @cogdog @DrGarcia"
"254677599165509634","254673449082044416","102015522","","","2012-10-06 20:20:45 +0000","<a href=""http://tapbots.com/software/tweetbot/mac"" rel=""nofollow"">Tweetbot for Mac</a>","@royallivermush Nice set!"
"254671931377340416","254670631843557376","57959236","","","2012-10-06 19:58:14 +0000","<a href=""http://tapbots.com/software/tweetbot/mac"" rel=""nofollow"">Tweetbot for Mac</a>","@tidmarshm Glad with what we got and hella glad it?s over #lifeofanintrovert"
"254671835344547840","254666059943116800","743493","","","2012-10-06 19:57:51 +0000","<a href=""http://tapbots.com/software/tweetbot/mac"" rel=""nofollow"">Tweetbot for Mac</a>","@rushaw I?m negotiating with her to get to drive it on Tuesday for the LAZERS! demo."
"254665544417034240","254661740921499649","102015522","","","2012-10-06 19:32:51 +0000","<a href=""http://tapbots.com/tweetbot"" rel=""nofollow"">Tweetbot for iOS</a>","@royallivermush Sadly the majority of the time wife will take it to work. She always gets the nicer vehicle somehow."
"254635273097449473","","","","","2012-10-06 17:32:34 +0000","<a href=""http://tapbots.com/tweetbot"" rel=""nofollow"">Tweetbot for iOS</a>","Car shopping is done. Got a 2010 Jetta SEL at a great price. Love this thing. http://t.co/Au7jIJZi","http://twitpic.com/b1n3ll"
"254373017436696576","254337600209448960","259908125","","","2012-10-06 00:10:28 +0000","<a href=""http://tapbots.com/software/tweetbot/mac"" rel=""nofollow"">Tweetbot for Mac</a>","@mbransons @human_shell Nice!"
"254335575849574400","254333662840123392","259908125","","","2012-10-05 21:41:41 +0000","<a href=""http://tapbots.com/tweetbot"" rel=""nofollow"">Tweetbot for iOS</a>","@mbransons Yep your name would be on a list somewhere. @DrGarcia"
"254334411259138050","254322057150611456","14587524","","","2012-10-05 21:37:03 +0000","<a href=""http://tapbots.com/tweetbot"" rel=""nofollow"">Tweetbot for iOS</a>","@jasongreen @HippieHosting Out of the box I don't think so, but if easyish to add I'm willing to do it."
"254333250930085889","","19897497","","","2012-10-05 21:32:26 +0000","<a href=""http://tapbots.com/tweetbot"" rel=""nofollow"">Tweetbot for iOS</a>","@DrGarcia Did you know Henson wanted to build a nightclub? Just learned that today http://t.co/cHetD7Xo","http://muppet.wikia.com/wiki/Cyclia"
"254280604483461120","254214805689339904","740343","","","2012-10-05 18:03:15 +0000","<a href=""http://tapbots.com/software/tweetbot/mac"" rel=""nofollow"">Tweetbot for Mac</a>","@cogdog @grantpotter @noiseprofessor Wonder how long it runs on one 9V. I bet I could make that too."
"254016566230908929","","","","","2012-10-05 00:34:03 +0000","<a href=""http://tapbots.com/software/tweetbot/mac"" rel=""nofollow"">Tweetbot for Mac</a>","There is little I despise more than the process of buying a new car. Spent an hour talking to @Jonathan0wens and I still know very little."
"253981679981559808","","","","","2012-10-04 22:15:25 +0000","<a href=""http://tapbots.com/software/tweetbot/mac"" rel=""nofollow"">Tweetbot for Mac</a>","I might just try exercising tonight. And puking. In that order."
"253686213473611776","253685917187973120","9058012","","","2012-10-04 02:41:21 +0000","<a href=""http://tapbots.com/software/tweetbot/mac"" rel=""nofollow"">Tweetbot for Mac</a>","@ryanbrazell I should have just taken @saracup?s advice and turned the TV off after the debate. The script was written in advance anyway."
"253685590275538944","253685397924761600","7110832","","","2012-10-04 02:38:52 +0000","<a href=""http://tapbots.com/software/tweetbot/mac"" rel=""nofollow"">Tweetbot for Mac</a>","@timstahmer Fair point."
"253685546113716224","253685393709486080","9058012","","","2012-10-04 02:38:42 +0000","<a href=""http://tapbots.com/software/tweetbot/mac"" rel=""nofollow"">Tweetbot for Mac</a>","@ryanbrazell Anderson Cooper and a band of merry puppets."
"253685230114856960","","","","","2012-10-04 02:37:26 +0000","<a href=""http://tapbots.com/software/tweetbot/mac"" rel=""nofollow"">Tweetbot for Mac</a>","Tip: Don?t tune in to CNN right now. It?ll just piss you off."
"253681711777476608","","","","","2012-10-04 02:23:27 +0000","<a href=""http://tapbots.com/software/tweetbot/mac"" rel=""nofollow"">Tweetbot for Mac</a>","The only thing worse than this debate is every person who wants to pretend they?re above it all and too good to take a stand."
"253679377081065472","","","253675448112910336","860676811","2012-10-04 02:14:11 +0000","<a href=""http://tapbots.com/software/tweetbot/mac"" rel=""nofollow"">Tweetbot for Mac</a>","RT @SilentJimLehrer: ..."
"253679059341561856","253678645175005185","6109062","","","2012-10-04 02:12:55 +0000","<a href=""http://tapbots.com/software/tweetbot/mac"" rel=""nofollow"">Tweetbot for Mac</a>","@saracup ?Eating plastic will be covered under my Amish healthcare plane and I have no plans to institute a tax on tourets."""
"253677006825340928","","","253671989817004033","858646280","2012-10-04 02:04:46 +0000","<a href=""http://tapbots.com/software/tweetbot/mac"" rel=""nofollow"">Tweetbot for Mac</a>","RT @FiredBigBird: Mitt Romney will end Burt and Ernie's right to a  civil union"
"253676079594733571","","","253676039329439745","4833","2012-10-04 02:01:05 +0000","<a href=""http://tapbots.com/software/tweetbot/mac"" rel=""nofollow"">Tweetbot for Mac</a>","RT @simplebits: Too Big Bird to fail."
"253675388398628864","253675281053782016","6109062","","","2012-10-04 01:58:20 +0000","<a href=""http://tapbots.com/software/tweetbot/mac"" rel=""nofollow"">Tweetbot for Mac</a>","@saracup Survey says! #familyfeud #debates"
"253673772253589504","253673675117719556","744533","","","2012-10-04 01:51:54 +0000","<a href=""http://tapbots.com/software/tweetbot/mac"" rel=""nofollow"">Tweetbot for Mac</a>","@mburtis Oh my god yes please!"
"253673707166384129","253673507576217600","18613","","","2012-10-04 01:51:39 +0000","<a href=""http://tapbots.com/software/tweetbot/mac"" rel=""nofollow"">Tweetbot for Mac</a>","@gsiemens I agree he comes across as more ?ready? but it?s so much easier when you?re not restrained to common sense or reality, that?s all."
"253673199315845120","253672904535977984","18613","","","2012-10-04 01:49:38 +0000","<a href=""http://tapbots.com/software/tweetbot/mac"" rel=""nofollow"">Tweetbot for Mac</a>","@gsiemens The absence of facts certainly helps one come across as focused and aggressive. Damn facts."
"253671285291356161","253671106387517442","646533","","","2012-10-04 01:42:02 +0000","<a href=""http://tapbots.com/software/tweetbot/mac"" rel=""nofollow"">Tweetbot for Mac</a>","@meyerweb November 7th"
"253669316782854144","","","","","2012-10-04 01:34:12 +0000","<a href=""http://tapbots.com/software/tweetbot/mac"" rel=""nofollow"">Tweetbot for Mac</a>","Mitt is upset."
"253669184620355585","","","","","2012-10-04 01:33:41 +0000","<a href=""http://tapbots.com/software/tweetbot/mac"" rel=""nofollow"">Tweetbot for Mac</a>","Romney is playing to his base. No need for facts. Just make a ton of promises while belittling the opponent."
"253668317666086913","","","253668009070170112","12363792","2012-10-04 01:30:14 +0000","<a href=""http://tapbots.com/software/tweetbot/mac"" rel=""nofollow"">Tweetbot for Mac</a>","RT @jonbecker: #SaveBigBird"
"253668079605805057","","","","","2012-10-04 01:29:17 +0000","<a href=""http://tapbots.com/software/tweetbot/mac"" rel=""nofollow"">Tweetbot for Mac</a>","Me and Jim Lehrer, I feel like the kid on YouTube defending Britney Spears. LEAVE JIM ALONE!"
"253667900169281537","","","","","2012-10-04 01:28:34 +0000","<a href=""http://tapbots.com/software/tweetbot/mac"" rel=""nofollow"">Tweetbot for Mac</a>","I like Big Bird too! #suddenlyconfused"
"253667160067547136","253667065829937153","739743","","","2012-10-04 01:25:38 +0000","<a href=""http://tapbots.com/software/tweetbot/mac"" rel=""nofollow"">Tweetbot for Mac</a>","@shareski He?s had such a tough life."
"253666446046019586","","","","","2012-10-04 01:22:48 +0000","<a href=""http://tapbots.com/software/tweetbot/mac"" rel=""nofollow"">Tweetbot for Mac</a>","Which politician is putting the pool in the cafeteria? #highschooldebate"
"253665266083438592","253665113876332544","1349941","","","2012-10-04 01:18:06 +0000","<a href=""http://tapbots.com/software/tweetbot/mac"" rel=""nofollow"">Tweetbot for Mac</a>","@willrich45 I don?t know, both of them take notes while the other is talking, which is common practice. But I agree it?s important."
"253665107513602048","","","","","2012-10-04 01:17:29 +0000","<a href=""http://tapbots.com/software/tweetbot/mac"" rel=""nofollow"">Tweetbot for Mac</a>","YOU BACK OFF JIM LEHRER, HE RUNS THIS SHIP YOU SON OF A"
"253664506813771776","253664361623728130","789991","","","2012-10-04 01:15:05 +0000","<a href=""http://tapbots.com/software/tweetbot/mac"" rel=""nofollow"">Tweetbot for Mac</a>","@davecormier @BSawhill I thought we had a style guide somewhere that outlined ?best practices?."
"253664024280068097","253662853033246720","789991","","","2012-10-04 01:13:10 +0000","<a href=""http://tapbots.com/software/tweetbot/mac"" rel=""nofollow"">Tweetbot for Mac</a>","@davecormier @willrich45 Someone gave them this scorecard ahead of time. I don?t buy it."
"253663840196251648","","","","","2012-10-04 01:12:27 +0000","<a href=""http://tapbots.com/software/tweetbot/mac"" rel=""nofollow"">Tweetbot for Mac</a>","?High income people are doing just fine in this economy? - Mitt Romney - You should know?. #debates"
"253663188577579009","253662927490514944","6189892","","","2012-10-04 01:09:51 +0000","<a href=""http://tapbots.com/software/tweetbot/mac"" rel=""nofollow"">Tweetbot for Mac</a>","@BSawhill Buckshot. Reaching for the common man?s vote I see."
"253662539794243584","","","253662392087621632","54275319","2012-10-04 01:07:16 +0000","<a href=""http://tapbots.com/software/tweetbot/mac"" rel=""nofollow"">Tweetbot for Mac</a>","RT @MoRocca: Romney's flag pin is bigger."
"253662432768172032","253662333489000448","789991","","","2012-10-04 01:06:51 +0000","<a href=""http://tapbots.com/software/tweetbot/mac"" rel=""nofollow"">Tweetbot for Mac</a>","@davecormier @willrich45 In fairness drinking when education is mentioned might be the worst drinking game ever."
"253662229784829953","253662184725434368","1349941","","","2012-10-04 01:06:03 +0000","<a href=""http://tapbots.com/software/tweetbot/mac"" rel=""nofollow"">Tweetbot for Mac</a>","@willrich45 DRINK!"
"253661955020161024","","","","","2012-10-04 01:04:57 +0000","<a href=""http://tapbots.com/software/tweetbot/mac"" rel=""nofollow"">Tweetbot for Mac</a>","The traditional first question non-answer. #debates"
"253661335982841857","","","","","2012-10-04 01:02:29 +0000","<a href=""http://tapbots.com/software/tweetbot/mac"" rel=""nofollow"">Tweetbot for Mac</a>","Jim Lehrer: totally classy. He has my vote. #debates"
"253660751573684225","253660676575358976","15655520","","","2012-10-04 01:00:10 +0000","<a href=""http://tapbots.com/software/tweetbot/mac"" rel=""nofollow"">Tweetbot for Mac</a>","@nevasue Yes! Bring on the tweets! I need my backchannel here."
"253659965586288640","253622023195086848","6109062","","","2012-10-04 00:57:03 +0000","<a href=""http://tapbots.com/software/tweetbot/mac"" rel=""nofollow"">Tweetbot for Mac</a>","@saracup This was a perfect suggestion, thanks!"
"253659307223183360","","","","","2012-10-04 00:54:26 +0000","<a href=""http://tapbots.com/software/tweetbot/mac"" rel=""nofollow"">Tweetbot for Mac</a>","The debates are always really interesting to me because it?s one of the few times a politician doesn?t have the comfort of a teleprompter."
"253658199696211968","253658121237581824","16699990","","","2012-10-04 00:50:02 +0000","<a href=""http://tapbots.com/software/tweetbot/mac"" rel=""nofollow"">Tweetbot for Mac</a>","@savasavasava Cspan is what I?m going with. Less chance of annoying commentary."
"253657544545951744","253657347623378944","7110832","","","2012-10-04 00:47:26 +0000","<a href=""http://tapbots.com/software/tweetbot/mac"" rel=""nofollow"">Tweetbot for Mac</a>","@timstahmer I?m actively testing this theory this evening. However red wine is the beverage of choice."
"253656973625663488","253656728267276288","15953046","","","2012-10-04 00:45:09 +0000","<a href=""http://tapbots.com/software/tweetbot/mac"" rel=""nofollow"">Tweetbot for Mac</a>","@brucewillke Sure, and it is on ADN. I can download a zip file at any time from my profile. But you?re right, not 100% security, but better."
"253656352931581952","","","","","2012-10-04 00:42:41 +0000","<a href=""http://tapbots.com/software/tweetbot/mac"" rel=""nofollow"">Tweetbot for Mac</a>","Anheiser Busch sponsors the political debates? Well there you go then. Cheers!"
"253655800432701441","253655145907359744","17620729","","","2012-10-04 00:40:30 +0000","<a href=""http://tapbots.com/software/tweetbot/mac"" rel=""nofollow"">Tweetbot for Mac</a>","@giuliaforsythe The Archivist strikes again! @grantpotter @sleslie @noiseprofessor"
"253652137966436352","253651824727445504","3567831","","","2012-10-04 00:25:56 +0000","<a href=""http://tapbots.com/software/tweetbot/mac"" rel=""nofollow"">Tweetbot for Mac</a>","@sleslie I?m a heavy Reddit user and have never seen it. I?ll have to see what?s up there."
"253644629071785984","253644377916841984","12363792","","","2012-10-03 23:56:06 +0000","<a href=""http://tapbots.com/software/tweetbot/mac"" rel=""nofollow"">Tweetbot for Mac</a>","@jonbecker Definitely. This was inspiration (and I think the data makes it more interesting) http://t.co/sP98LB0v","http://mepler.com/Grand-Old-Party"
"253644296488628224","253643368121376768","15953046","","","2012-10-03 23:54:47 +0000","<a href=""http://tapbots.com/software/tweetbot/mac"" rel=""nofollow"">Tweetbot for Mac</a>","@brucewillke Not to mention G+ hasn?t shown much interest in expanding API for third party development"
"253644029496029185","253643826588155905","12363792","","","2012-10-03 23:53:43 +0000","<a href=""http://tapbots.com/software/tweetbot/mac"" rel=""nofollow"">Tweetbot for Mac</a>","@jonbecker Funny, @jmcclurken was showing my head to #UMW Cabinet yesterday as well. It gets around. :)"
"253643668878151681","253643368121376768","15953046","","","2012-10-03 23:52:17 +0000","<a href=""http://tapbots.com/software/tweetbot/mac"" rel=""nofollow"">Tweetbot for Mac</a>","@brucewillke I just hate the idea of trading one free service for another. Being a customer gives me some sense of security over service."
"253643267416141824","253642858320498688","9281052","","","2012-10-03 23:50:42 +0000","<a href=""http://tapbots.com/software/tweetbot/mac"" rel=""nofollow"">Tweetbot for Mac</a>","@_BMF_ The cap on users for any program is a new thing that I think will have repercussions. If Tweetbot has to remove their app for example"
"253642883733807104","253642112199966720","12363792","","","2012-10-03 23:49:10 +0000","<a href=""http://tapbots.com/software/tweetbot/mac"" rel=""nofollow"">Tweetbot for Mac</a>","@jonbecker Debate on mute and pretend Obama and Romney are calling the plays."
"253642241631989760","253641941785403392","9281052","","","2012-10-03 23:46:37 +0000","<a href=""http://tapbots.com/software/tweetbot/mac"" rel=""nofollow"">Tweetbot for Mac</a>","@_BMF_ Ads were worrisome. But the hostility to 3rd party development tipped the scale for me (but probably not a concern for majority)"
"253640228999409664","253640083129892864","18979133","","","2012-10-03 23:38:37 +0000","<a href=""http://tapbots.com/tweetbot"" rel=""nofollow"">Tweetbot for iOS</a>","@dzim1 I like that plan!"
"253639585609945088","","","253637016024125440","31080039","2012-10-03 23:36:04 +0000","<a href=""http://tapbots.com/tweetbot"" rel=""nofollow"">Tweetbot for iOS</a>","RT @lenadunham: Guys, I get that Beiber barfed. Who  cares. I do it like thrice a month from the sheer intensity of living."
"253637861054763010","","","","","2012-10-03 23:29:13 +0000","<a href=""http://tapbots.com/software/tweetbot/mac"" rel=""nofollow"">Tweetbot for Mac</a>","I wonder how many people would willingly pay money to stay on Twitter in its current state. If not, where would they go?"
"253636228275126272","","","","","2012-10-03 23:22:43 +0000","<a href=""http://tapbots.com/software/tweetbot/mac"" rel=""nofollow"">Tweetbot for Mac</a>","It?s odd that people hate the idea of ads on Twitter, yet most scoff at the idea of http://t.co/hmVGgxK3. What?s the alternative?","http://app.net"
"253617351788994560","253608763242737664","6109062","","","2012-10-03 22:07:43 +0000","<a href=""http://tapbots.com/software/tweetbot/mac"" rel=""nofollow"">Tweetbot for Mac</a>","@saracup Now you have me curious! Who is my naked alter ego?"
"253616884686135297","253611028598882304","9281052","","","2012-10-03 22:05:51 +0000","<a href=""http://tapbots.com/software/tweetbot/mac"" rel=""nofollow"">Tweetbot for Mac</a>","@_BMF_ I don?t think so (probably a Twitter restriction to not have multi-client capability) so I won?t be leaving anytime soon."
"253593610321264641","253593254870794240","740343","","","2012-10-03 20:33:22 +0000","<a href=""http://tapbots.com/software/tweetbot/mac"" rel=""nofollow"">Tweetbot for Mac</a>","@cogdog When Twitter rolls out more ads and removes clients I imagine more people will get it. @grantpotter @giuliaforsythe"
"253592822308036608","253592299504795648","17620729","","","2012-10-03 20:30:15 +0000","<a href=""http://tapbots.com/software/tweetbot/mac"" rel=""nofollow"">Tweetbot for Mac</a>","@giuliaforsythe Developer was saying they?re following the model of Path on that, but I hope they?ll add a setting to turn off @grantpotter"
"253585880718118912","253585717073158144","6109062","","","2012-10-03 20:02:40 +0000","<a href=""http://tapbots.com/tweetbot"" rel=""nofollow"">Tweetbot for iOS</a>","@saracup Haha, they're goin big!"
"253582636616925184","","","","","2012-10-03 19:49:46 +0000","<a href=""http://www.apple.com"" rel=""nofollow"">iOS</a>","Ok I finally have in and bought Netbot. No doubt the best ADN client for iOS. Maybe I?ll use ADN more. ? https://t.co/RR2TNh1O","https://alpha.app.net/timmmmyboy/post/647172"
"253574245425242112","253573902096273408","6109062","","","2012-10-03 19:16:25 +0000","<a href=""http://tapbots.com/software/tweetbot/mac"" rel=""nofollow"">Tweetbot for Mac</a>","@saracup Exactly. I?m the pied piper of social networks. @tieandjeans"
"253574076570927104","253571821713121280","83852241","","","2012-10-03 19:15:45 +0000","<a href=""http://tapbots.com/software/tweetbot/mac"" rel=""nofollow"">Tweetbot for Mac</a>","@tieandjeans Really just needed a better cross-posting solution since Twitter pulled plug on IFTTT (but maybe they?ll pull plug on this too)"
"253573847620673538","253571821713121280","83852241","","","2012-10-03 19:14:51 +0000","<a href=""http://tapbots.com/software/tweetbot/mac"" rel=""nofollow"">Tweetbot for Mac</a>","@tieandjeans That?s a very good point. Everyone should follow me ;-)"
"253573787478528000","253569433161850880","1424681","","","2012-10-03 19:14:36 +0000","<a href=""http://tapbots.com/software/tweetbot/mac"" rel=""nofollow"">Tweetbot for Mac</a>","@budtheteacher They said ?tap the navbar when creating a new post?"
"253559122065231872","253558141663457280","6271482","","","2012-10-03 18:16:20 +0000","<a href=""http://tapbots.com/software/tweetbot/mac"" rel=""nofollow"">Tweetbot for Mac</a>","@grantpotter Yeah I use Tweetbot for everything. Only thing missing with Netbot would be an OS X app for now."
"253557784338132992","","","","","2012-10-03 18:11:01 +0000","<a href=""http://tapbots.com/software/tweetbot/mac"" rel=""nofollow"">Tweetbot for Mac</a>","So Netbot (New http://t.co/hmVGgxK3 client from @tapbots) will crosspost from ADN to Twitter. Might be time to move over completely.","http://app.net"
"253500917876416512","253500437586657281","6109062","","","2012-10-03 14:25:03 +0000","<a href=""http://tapbots.com/software/tweetbot/mac"" rel=""nofollow"">Tweetbot for Mac</a>","@saracup @cgrymala @mburtis @tieandjeans Honestly looking at his gallery I can see why he feels threatened by these services."
"253499882613141504","253499654837248000","24093368","","","2012-10-03 14:20:56 +0000","<a href=""http://tapbots.com/software/tweetbot/mac"" rel=""nofollow"">Tweetbot for Mac</a>","@cgrymala @tieandjeans @saracup And the ?services like GoDaddy? line absolutely leaves someone thinking ?anything but professional design.?"
"253499682976854017","253499487757148160","24093368","","","2012-10-03 14:20:08 +0000","<a href=""http://tapbots.com/software/tweetbot/mac"" rel=""nofollow"">Tweetbot for Mac</a>","@cgrymala @saracup @mburtis @tieandjeans To me the entire article is built with generalizations. ?Templates suck, not easy? not always true."
"253498232464879616","253498037916286977","24093368","","","2012-10-03 14:14:23 +0000","<a href=""http://tapbots.com/software/tweetbot/mac"" rel=""nofollow"">Tweetbot for Mac</a>","@cgrymala @saracup @tieandjeans Suggestion by a web designer to not use a tool with no alternatives sounds to me like ?don?t play, hire me?"
"253496018707030018","253490558306238464","6109062","","","2012-10-03 14:05:35 +0000","<a href=""http://tapbots.com/software/tweetbot/mac"" rel=""nofollow"">Tweetbot for Mac</a>","@saracup @cgrymala ?Why you shouldn?t buy a hammer from Home Depot.? written by your local trade blacksmith."
"253299869186396160","","","","","2012-10-03 01:06:09 +0000","<a href=""http://tapbots.com/software/tweetbot/mac"" rel=""nofollow"">Tweetbot for Mac</a>","I?m thinking this is the perfect high-tech access control to the makerspace. And only $150 https://t.co/DeMSNTB6","https://lockitron.com/preorder"
"253273667792932864","","","253246479408447490","3362981","2012-10-02 23:22:02 +0000","<a href=""http://tapbots.com/software/tweetbot/mac"" rel=""nofollow"">Tweetbot for Mac</a>","RT @jimgroom: New blog post: ""A Culture of Innovation"" http://t.co/TSVErufU #umw #elifocus","http://bavatuesdays.com/a-culture-of-innovation/"
"253150211122274304","253149963461222400","14587524","","","2012-10-02 15:11:28 +0000","<a href=""http://tapbots.com/software/tweetbot/mac"" rel=""nofollow"">Tweetbot for Mac</a>","@jasongreen That?s exactly what I was wondering when I said that. Partly why I?m not sure it?s possible. #motionsickness"
"253142907354238976","253142422601756672","11144032","","","2012-10-02 14:42:26 +0000","<a href=""http://tapbots.com/software/tweetbot/mac"" rel=""nofollow"">Tweetbot for Mac</a>","@techsavvyed I don?t think I?ve ever seen Prezi used well. Wonder if it?s even possible."
"253109804480987136","253109518693703680","7110832","","","2012-10-02 12:30:54 +0000","<a href=""http://tapbots.com/tweetbot"" rel=""nofollow"">Tweetbot for iOS</a>","@timstahmer @jimgroom Yeah we got a subscription for Elegant Themes for that very reason. Beautiful and responsive designs."
"252903022752063488","252902783626399744","83852241","","","2012-10-01 22:49:13 +0000","<a href=""http://tapbots.com/software/tweetbot/mac"" rel=""nofollow"">Tweetbot for Mac</a>","@tieandjeans Thanks! We?ve got a lot more material to put together something more comprehensive too. This was shorter for preso tomorrow."
"252901992035397632","252901693640036352","83852241","","","2012-10-01 22:45:08 +0000","<a href=""http://tapbots.com/software/tweetbot/mac"" rel=""nofollow"">Tweetbot for Mac</a>","@tieandjeans @budtheteacher I?m curious why they don?t build their own printer. Seems to follow ethos of the group."
"252889920593608704","","","","","2012-10-01 21:57:10 +0000","<a href=""http://tapbots.com/software/tweetbot/mac"" rel=""nofollow"">Tweetbot for Mac</a>","How do you create a culture of innovation in #highered? @rushaw did something magical here, check it out! https://t.co/4RppbpBC","https://vimeo.com/50547675#at=0"
"252868657368158208","252868588107624448","8679622","","","2012-10-01 20:32:40 +0000","<a href=""http://tapbots.com/software/tweetbot/mac"" rel=""nofollow"">Tweetbot for Mac</a>","@marksuman agreed."
"252868016612704257","252867223952187393","8679622","","","2012-10-01 20:30:07 +0000","<a href=""http://tapbots.com/software/tweetbot/mac"" rel=""nofollow"">Tweetbot for Mac</a>","@marksuman I think people have been going with ?post?. And retweet = ?repost?"
"252865686152552448","","","","","2012-10-01 20:20:52 +0000","<a href=""http://tapbots.com/software/tweetbot/mac"" rel=""nofollow"">Tweetbot for Mac</a>","The price of http://t.co/hmVGgxK3 has dropped to $36/year. Glad to see that as I think it puts it on par with services like Flickr.","http://app.net"
"252782564253782017","252782368153280513","12363792","","","2012-10-01 14:50:34 +0000","<a href=""http://tapbots.com/software/tweetbot/mac"" rel=""nofollow"">Tweetbot for Mac</a>","@jonbecker Yeah, there?s also this that I worked on recently http://t.co/U6u1ZQP0","http://www.thingiverse.com/thing:30434"
"252781668191072256","252780531178143745","12363792","","","2012-10-01 14:47:00 +0000","<a href=""http://tapbots.com/software/tweetbot/mac"" rel=""nofollow"">Tweetbot for Mac</a>","@jonbecker I?m a big fan of the image in this post :) http://t.co/NpxDBgRj","http://www.makerbot.com/blog/2012/05/13/more-reconstructme-magic/"
